_id,image_url,item_type,utc_date,country_code,country,item_price,item_description,art_id,url,amount_paid,artist_name,currency,album_title,amount_paid_usd,package_image_id,Region,artist_id,genre,user_id,name,gender,address,address_id,email,birthdate,promotion_id,promotion_description,promotion_name,track_number,shipment_date,shipment_received,platform_fee_%,fee_dicsount,postcode,prod_id
1599688806.94234&//alicesitski.bandcamp.com/album/white-noise-tv,https://f4.bcbits.com/img/0020476345_37.jpg,p,1599688806.94234,gb,United Kingdom,10.5,Limited Edition Compact Disc,,//alicesitski.bandcamp.com/album/white-noise-tv,10.5,WHITE NOISE TV,EUR,WHITE NOISE TV,12.39,20476345.0,Europe,104,Jazz,80761,Charles Shields,M,"Unit 4341 Box 1747
DPO AA 32889",80761,kennedymichelle@yahoo.com,1949-02-22,1,,,2135698741,1599861606,1600293606,40,0,32889,1
1599688865.13856&//unreqvited-northernsilence.bandcamp.com/album/empathica,https://f4.bcbits.com/img/0019339586_37.jpg,p,1599688865.13856,fr,France,13.8999996185303,Ltd. DigiCD,,//unreqvited-northernsilence.bandcamp.com/album/empathica,13.9,Unreqvited,EUR,Empathica,16.41,19339586.0,Europe,118,Pop,55680,Ryan Scott,M,"46672 Christina Springs
Francisbury, AR 76575",55680,robertsstephen@gmail.com,1935-09-07,99,Gift Card $0.99 to package,GiftCard0.99,2135698742,1599861665,1600293665,40,0,76575,2
1599688870.0492&//boxbedroomrebels.bandcamp.com/album/bbr-36-ciel-movement-6-track-ep,https://f4.bcbits.com/img/0021195827_37.jpg,p,1599688870.0492,gb,United Kingdom,5.5,"BBR#36 CIEL 'Movement' Limited Edition 6 track 7"" E.P",,//boxbedroomrebels.bandcamp.com/album/bbr-36-ciel-movement-6-track-ep,5.5,Ciel,GBP,BBR#36 CIEL 'Movement' 6 track EP,7.15,21195827.0,Europe,121,Rock,9547,Meghan Pugh,F,"96747 Adam Lane
New Andrew, VI 10446",9547,dperkins@gmail.com,1943-10-04,1,,,2135698743,1599861670,1600293670,40,0,10446,3
1599688871.02832&//bcee.bandcamp.com/album/life-as-we-know-it,https://f4.bcbits.com/img/0020990361_37.jpg,p,1599688871.0283198,de,Germany,19.9899997711182,"Limited Edition 2 x 12"" Vinyl Gatefold - *SIGNED PRE-ORDERS BEFORE 11th SEP*.",,//bcee.bandcamp.com/album/life-as-we-know-it,19.99,BCee & Charlotte Haining,GBP,Life As We Know It,25.97,20990361.0,Europe,122,Hip hop,9113,Brian Rivera,M,"292 Ayers Bypass
North Kimberly, SC 78098",9113,bakermary@gmail.com,2007-12-04,1,,,2135698744,1599861671,1600293671,40,0,78098,4
1599688875.84356&//briangrainger.bandcamp.com/album/poured-out,https://f4.bcbits.com/img/0021485536_37.jpg,p,1599688875.84356,us,United States,12.0,Limited Edition CD-R,,//briangrainger.bandcamp.com/album/poured-out,12.0,Brian Grainger,USD,Poured Out,12.0,21485536.0,North America,124,Hip hop,78843,Crystal Taylor,F,"25854 Reilly Loaf
Port Phillip, OH 81198",78843,sburton@hotmail.com,2003-08-04,1,,,2135698745,1599861675,1600293675,40,0,81198,5
1599688883.61376&//tvgirl.bandcamp.com/album/french-exit,https://f4.bcbits.com/img/0021557934_37.jpg,p,1599688883.61376,us,United States,20.0,French Exit Repress,,//tvgirl.bandcamp.com/album/french-exit,20.0,TV Girl,USD,French Exit,20.0,21557934.0,North America,127,Pop,11527,Kelli Williams,F,"55503 Garrett Lodge Apt. 923
West Edwardside, ME 77082",11527,jennifer23@gmail.com,1926-10-16,12,Gift Card $12 to package,GiftCard12,2135698746,1599861683,1600293683,40,0,77082,6
1599688890.68525&//nubyagarcia.bandcamp.com/album/source,https://f4.bcbits.com/img/0021399150_37.jpg,p,1599688890.68525,us,United States,29.9899997711182,Double Vinyl,,//nubyagarcia.bandcamp.com/album/source,30.0,Nubya Garcia,USD,SOURCE,30.0,21399150.0,North America,130,Country,40618,Melissa Roberts,F,"675 Jose Lane Suite 497
Warrenview, MA 39672",40618,reiddavid@yahoo.com,1967-08-18,1,,,2135698747,1599861690,1600293690,40,0,39672,7
1599688890.96119&//ragana.bandcamp.com/merch/dark-woods-tshirt,https://f4.bcbits.com/img/0007570998_37.jpg,p,1599688890.96119,us,United States,15.0,dark woods tshirt,,//ragana.bandcamp.com/merch/dark-woods-tshirt,15.0,RAGANA,USD,,15.0,7570998.0,North America,131,Country,3757,Tristan Stark,M,"83267 Francisco Tunnel
East Bonniehaven, ID 65322",3757,tracey58@gmail.com,1953-05-29,1,,,2135698748,1599861690,1600293690,40,0,65322,8
1599688892.53879&//smartsworld.bandcamp.com/album/who-needs-smarts-anyway,https://f4.bcbits.com/img/0021560069_37.jpg,p,1599688892.53879,au,Australia,28.0,Smarts LP - White Vinyl,,//smartsworld.bandcamp.com/album/who-needs-smarts-anyway,28.0,Smarts,AUD,"Who Needs Smarts, Anyway?",20.36,21560069.0,Oceania,132,Electronic,17243,Sabrina Huber,F,"14365 Nicole Landing
North Troyside, AS 46960",17243,taylorguerrero@gmail.com,1967-10-15,1,,,2135698749,1599861692,1600293692,40,0,46960,9
1599688895.10862&//shlohmo.bandcamp.com/album/heaven-inc-ep,https://f4.bcbits.com/img/0021037562_37.jpg,p,1599688895.10862,us,United States,13.0,"Heaven Inc. / Looking At Plants 7""",,//shlohmo.bandcamp.com/album/heaven-inc-ep,13.0,Shlohmo,USD,Heaven Inc. EP,13.0,21037562.0,North America,133,Pop,8538,Monica Butler,F,"PSC 9375, Box 7877
APO AE 79055",8538,hannathomas@hotmail.com,1936-07-12,99,Gift Card $0.99 to package,GiftCard0.99,2135698750,1599861695,1600293695,40,0,79055,10
1599688915.653&//mandolinorange.bandcamp.com/album/austin-city-limits-live-at-the-moody-theater-3,https://f4.bcbits.com/img/0021565153_37.jpg,p,1599688915.653,us,United States,40.0,Second pressing - Clear 2x Vinyl LP,,//mandolinorange.bandcamp.com/album/austin-city-limits-live-at-the-moody-theater-3,40.0,Mandolin Orange,USD,Austin City Limits Live at The Moody Theater,40.0,21565153.0,North America,139,Pop,46385,Andrew Sanchez,M,"43359 Heidi Crossroad
North Matthewhaven, UT 53807",46385,fdawson@gmail.com,1956-01-28,1,,,2135698751,1599861715,1600293715,40,0,53807,11
1599688925.39795&//chuwanaga.bandcamp.com/merch/in-the-red-vol-1-2-vinyl-bundle,https://f4.bcbits.com/img/0020347767_37.jpg,p,1599688925.39795,gb,United Kingdom,30.0,In The Red Vol. 1 & 2 - Vinyl Bundle,,//chuwanaga.bandcamp.com/merch/in-the-red-vol-1-2-vinyl-bundle,30.0,Chuwanaga,EUR,,35.41,20347767.0,Europe,146,Electronic,19397,Noah Padilla,M,"501 Steele Union Apt. 292
North Brenda, FL 81283",19397,ryan79@hotmail.com,2015-03-25,99,Gift Card $0.99 to package,GiftCard0.99,2135698752,1599861725,1600293725,40,0,81283,12
1599688926.61447&//thewhiteswan.bandcamp.com/merch/limited-edition-gold-sparkle-baseball-t,https://f4.bcbits.com/img/0021558428_37.jpg,p,1599688926.61447,ca,Canada,25.0,Limited Edition Gold Sparkle Baseball T,,//thewhiteswan.bandcamp.com/merch/limited-edition-gold-sparkle-baseball-t,25.0,The White Swan,USD,,25.0,21558428.0,North America,148,Hip hop,27251,Alexandra Richards,F,"20256 Chapman Haven Apt. 679
New Charlesberg, LA 65871",27251,sarahhunt@gmail.com,2004-01-09,1,,,2135698753,1599861726,1600293726,40,0,65871,13
1599688926.84906&//thewhiteswan.bandcamp.com/merch/limited-edition-gold-sparkle-baseball-t,https://f4.bcbits.com/img/0021558428_37.jpg,p,1599688926.84906,ca,Canada,25.0,Limited Edition Gold Sparkle Baseball T,,//thewhiteswan.bandcamp.com/merch/limited-edition-gold-sparkle-baseball-t,25.0,The White Swan,USD,,25.0,21558428.0,North America,148,Hip hop,69079,Douglas Dickerson,M,"61907 Paul Harbor
Johnsonmouth, TX 57350",69079,lsanders@hotmail.com,1916-05-09,1,,,2135698754,1599861726,1600293726,40,0,57350,13
1599688937.18373&//tvgirl.bandcamp.com/album/french-exit,https://f4.bcbits.com/img/0021557934_37.jpg,p,1599688937.18373,us,United States,20.0,French Exit Repress,,//tvgirl.bandcamp.com/album/french-exit,20.0,TV Girl,USD,French Exit,20.0,21557934.0,North America,127,Pop,10439,Shannon Wilson,F,"1536 Erin Crossing
Lake Daniel, KS 00889",10439,kcontreras@gmail.com,1961-09-07,1,,,2135698755,1599861737,1600293737,40,0,889,6
1599688948.66233&//xoth.bandcamp.com/merch/green-embroidered-xoth-logo-patch,https://f4.bcbits.com/img/0013158520_37.jpg,p,1599688948.6623302,us,United States,6.0,Green Embroidered Xoth Logo Patch,,//xoth.bandcamp.com/merch/green-embroidered-xoth-logo-patch,6.0,Xoth,USD,,6.0,13158520.0,North America,165,Hip hop,37150,Amy Dennis,F,"6930 Lucero Glen
Lake Victorshire, AK 46637",37150,djohnson@yahoo.com,1945-01-07,1,,,2135698756,1599861748,1600293748,40,0,46637,14
1599688949.0035&//thedeepseadiver.bandcamp.com/album/impossible-weight,https://f4.bcbits.com/img/0021052114_37.jpg,p,1599688949.0035,us,United States,25.0,Vinyl LP - Black,,//thedeepseadiver.bandcamp.com/album/impossible-weight,25.0,Deep Sea Diver,USD,IMPOSSIBLE WEIGHT,25.0,21052114.0,North America,167,Electronic,11120,Dwayne Rogers,M,"0996 Erik Corners
Greeneshire, AS 09928",11120,lauren12@gmail.com,1962-06-19,1,,,2135698757,1599861749,1600293749,40,0,9928,15
1599688950.73086&//chromeo.bandcamp.com/merch/solidarity-with-beirut-tote-bag,https://f4.bcbits.com/img/0021206810_37.jpg,p,1599688950.73086,us,United States,20.0,Solidarity With Beirut Tote Bag,,//chromeo.bandcamp.com/merch/solidarity-with-beirut-tote-bag,20.0,Chromeo,USD,,20.0,21206810.0,North America,169,Country,37283,Billy Lloyd,M,"7562 Johnson Mill
North Victoria, SD 01183",37283,petersonamanda@hotmail.com,1907-12-18,1,,,2135698758,1599861750,1600293750,40,0,1183,16
1599688959.70542&//mandolinorange.bandcamp.com/album/austin-city-limits-live-at-the-moody-theater-3,https://f4.bcbits.com/img/0021565153_37.jpg,p,1599688959.70542,us,United States,40.0,Second pressing - Clear 2x Vinyl LP,,//mandolinorange.bandcamp.com/album/austin-city-limits-live-at-the-moody-theater-3,40.0,Mandolin Orange,USD,Austin City Limits Live at The Moody Theater,40.0,21565153.0,North America,139,Pop,99590,Christina Mckenzie,F,"03074 Lisa Meadow Suite 434
Manuelborough, VA 97232",99590,aguirreemily@yahoo.com,1959-11-06,99,Gift Card $0.99 to package,GiftCard0.99,2135698759,1599861759,1600293759,40,0,97232,11
1599688965.65115&//fabioorsi.bandcamp.com/album/di-lumi-e-chiarori-2,https://f4.bcbits.com/img/0018883220_37.jpg,p,1599688965.65115,gb,United Kingdom,26.0,4xCD BOX Set / ltd.250,,//fabioorsi.bandcamp.com/album/di-lumi-e-chiarori-2,26.0,Fabio Orsi,EUR,Di Lumi E Chiarori,30.69,18883220.0,Europe,176,Pop,22271,Stacey Miller,F,"991 Burns Junction
East Jermaine, VA 81993",22271,kimberlyhudson@hotmail.com,1909-04-12,1,,,2135698760,1599861765,1600293765,40,0,81993,17
1599689018.56031&//macadammambo.bandcamp.com/album/mmlp909-eva-geist-desf-n,https://f4.bcbits.com/img/0012590755_37.jpg,p,1599689018.56031,fr,France,15.0,LP,,//macadammambo.bandcamp.com/album/mmlp909-eva-geist-desf-n,15.0,Eva Geist,EUR,"MMLP909 - EVA GEIST ""Desfãn""",17.71,12590755.0,Europe,194,Electronic,57915,Robert Elliott,M,"30387 Joseph Dale Apt. 518
Danielshire, OR 80858",57915,rodriguezrobin@yahoo.com,1934-04-06,99,Gift Card $0.99 to package,GiftCard0.99,2135698761,1599861818,1600293818,40,0,80858,18
1599689018.74139&//macadammambo.bandcamp.com/album/mmx808-the-farmers-toss-your-salat,https://f4.bcbits.com/img/0015987185_37.jpg,p,1599689018.74139,fr,France,8.0,EP,,//macadammambo.bandcamp.com/album/mmx808-the-farmers-toss-your-salat,8.0,"The Farmers, KonsNix, Heninspace",EUR,"MMX808 - THE FARMERS ""Toss Your Salat""",9.44,15987185.0,Europe,195,Jazz,57192,Abigail Ellis,F,"5183 Jamie Shore Apt. 885
North Rachel, CO 69980",57192,kingcindy@yahoo.com,1940-09-04,12,Gift Card $12 to package,GiftCard12,2135698762,1599861818,1600293818,40,0,69980,19
1599689034.28691&//tvgirl.bandcamp.com/album/french-exit,https://f4.bcbits.com/img/0021557934_37.jpg,p,1599689034.28691,fr,France,20.0,French Exit Repress,,//tvgirl.bandcamp.com/album/french-exit,20.0,TV Girl,USD,French Exit,20.0,21557934.0,Europe,127,Pop,700,Rachel Armstrong,F,"763 Cristian Light
Johnside, IL 90628",700,leachdarlene@hotmail.com,1998-09-27,99,Gift Card $0.99 to package,GiftCard0.99,2135698763,1599861834,1600293834,40,0,90628,6
1599689059.6626&//vanishingtwinmusic.bandcamp.com/album/cryonic-suspension-may-save-your-life-extended-life-version-who-wants-to-live-forever,https://f4.bcbits.com/img/0018535744_37.jpg,p,1599689059.6626,de,Germany,10.0,"Limited Edition 12"" Vinyl",,//vanishingtwinmusic.bandcamp.com/album/cryonic-suspension-may-save-your-life-extended-life-version-who-wants-to-live-forever,10.0,Vanishing Twin,GBP,Cryonic Suspension May Save Your Life (Extended Life Version) / Who Wants to Live Forever?,12.99,18535744.0,Europe,207,Jazz,74442,Thomas Rice,M,"455 John Fort Apt. 297
South Dana, OK 46586",74442,jeffreybeard@gmail.com,2005-01-28,1,,,2135698764,1599861859,1600293859,40,0,46586,20
1599689085.02912&//garefowl.bandcamp.com/album/cliffs,https://f4.bcbits.com/img/0021129105_37.jpg,p,1599689085.02912,gb,United Kingdom,12.0,Compact Disc,,//garefowl.bandcamp.com/album/cliffs,12.0,Garefowl,GBP,Cliffs,15.59,21129105.0,Europe,215,Pop,43565,Angela Shaw,F,"4855 Brennan Corners
Josetown, KS 29544",43565,curtis61@yahoo.com,1912-07-17,1,,,2135698765,1599861885,1600293885,40,0,29544,21
1599689086.71194&//mandolinorange.bandcamp.com/album/austin-city-limits-live-at-the-moody-theater-3,https://f4.bcbits.com/img/0021565153_37.jpg,p,1599689086.71194,us,United States,40.0,Second pressing - Clear 2x Vinyl LP,,//mandolinorange.bandcamp.com/album/austin-city-limits-live-at-the-moody-theater-3,50.0,Mandolin Orange,USD,Austin City Limits Live at The Moody Theater,50.0,21565153.0,North America,139,Pop,30809,Patrick Smith,M,"03271 Sharon Course Apt. 545
West Joshuafort, TX 85497",30809,amandaruiz@gmail.com,1954-09-25,1,,,2135698766,1599861886,1600293886,40,0,85497,11
1599689089.91432&//mandolinorange.bandcamp.com/album/austin-city-limits-live-at-the-moody-theater-3,https://f4.bcbits.com/img/0021565153_37.jpg,p,1599689089.91432,us,United States,40.0,Second pressing - Clear 2x Vinyl LP,,//mandolinorange.bandcamp.com/album/austin-city-limits-live-at-the-moody-theater-3,40.0,Mandolin Orange,USD,Austin City Limits Live at The Moody Theater,40.0,21565153.0,North America,139,Pop,82616,Gerald Avila,M,"81870 Larry Drives
Reedstad, MA 75456",82616,qpearson@hotmail.com,1996-08-13,1,,,2135698767,1599861889,1600293889,40,0,75456,11
1599689101.91671&//mandolinorange.bandcamp.com/album/austin-city-limits-live-at-the-moody-theater-3,https://f4.bcbits.com/img/0021565153_37.jpg,p,1599689101.91671,us,United States,40.0,Second pressing - Clear 2x Vinyl LP,,//mandolinorange.bandcamp.com/album/austin-city-limits-live-at-the-moody-theater-3,40.0,Mandolin Orange,USD,Austin City Limits Live at The Moody Theater,40.0,21565153.0,North America,139,Pop,79204,Thomas Leon,M,"0881 Holly Mills Suite 448
West Jill, NH 44827",79204,stephanierobinson@gmail.com,1914-01-21,12,Gift Card $12 to package,GiftCard12,2135698768,1599861901,1600293901,40,0,44827,11
1599689107.04942&//necrot.bandcamp.com/merch/demongram-face-mask,https://f4.bcbits.com/img/0020716057_37.jpg,p,1599689107.04942,us,United States,9.98999977111816,Demongram Face Mask,,//necrot.bandcamp.com/merch/demongram-face-mask,10.0,Necrot,USD,,10.0,20716057.0,North America,223,Rock,37330,Thomas Gonzalez,M,"7728 Green Brooks
Heatherton, AK 41753",37330,thompsonkimberly@gmail.com,1979-08-09,99,Gift Card $0.99 to package,GiftCard0.99,2135698769,1599861907,1600293907,40,0,41753,22
1599689107.77421&//necrot.bandcamp.com/album/mortal,https://f4.bcbits.com/img/0020311207_37.jpg,p,1599689107.77421,us,United States,14.9899997711182,Digipack CD Limited,,//necrot.bandcamp.com/album/mortal,14.99,Necrot,USD,Mortal,14.99,20311207.0,North America,223,Rock,3888,Manuel Choi,M,"737 Kathryn Field
South Mark, WY 16211",3888,rodriguezelizabeth@gmail.com,1999-02-19,1,,,2135698770,1599861907,1600293907,40,0,16211,23
1599689107.81083&//necrot.bandcamp.com/merch/mortal-coffin-patch,https://f4.bcbits.com/img/0020311924_37.jpg,p,1599689107.81083,us,United States,7.98999977111816,Mortal Coffin Patch,,//necrot.bandcamp.com/merch/mortal-coffin-patch,7.99,Necrot,USD,,7.99,20311924.0,North America,223,Rock,65930,Kathy Dean,F,"5176 Frye Flats Suite 972
New Jenniferberg, VI 44848",65930,fisherbeth@gmail.com,1926-07-18,1,,,2135698771,1599861907,1600293907,40,0,44848,24
1599689133.35644&//emmythegreat.bandcamp.com/album/april,https://f4.bcbits.com/img/0020778226_37.jpg,p,1599689133.35644,gb,United Kingdom,9.98999977111816,Compact Disc,,//emmythegreat.bandcamp.com/album/april,10.0,Emmy The Great,GBP,April / 月音,12.99,20778226.0,Europe,231,Rock,58128,Nicole Jackson,F,"Unit 9842 Box 9345
DPO AP 43573",58128,barrcynthia@gmail.com,2004-02-08,1,,,2135698772,1599861933,1600293933,40,0,43573,25
1599689135.55967&//alanbraufman.bandcamp.com/album/the-fire-still-burns,https://f4.bcbits.com/img/0020086304_37.jpg,p,1599689135.55967,us,United States,22.0,Black vinyl LP,,//alanbraufman.bandcamp.com/album/the-fire-still-burns,22.0,Alan Braufman,USD,The Fire Still Burns,22.0,20086304.0,North America,143,Hip hop,30281,Heather Owen,F,"207 Jessica Point
Mckinneychester, NJ 57771",30281,corey55@hotmail.com,1938-09-14,99,Gift Card $0.99 to package,GiftCard0.99,2135698773,1599861935,1600293935,40,0,57771,26
1599689137.47954&//khruangbin.bandcamp.com/album/con-todo-el-mundo-n-s-america-edition,https://f4.bcbits.com/img/0011692787_37.jpg,p,1599689137.47954,ca,Canada,12.9899997711182,Retail CD,,//khruangbin.bandcamp.com/album/con-todo-el-mundo-n-s-america-edition,12.99,Khruangbin,USD,Con Todo El Mundo (N & S America Edition),12.99,11692787.0,North America,233,Jazz,43668,Anthony Taylor,M,"17129 Greer Branch Suite 359
West Jasmine, MS 82202",43668,ruthmcneil@gmail.com,1959-05-28,1,,,2135698774,1599861937,1600293937,40,0,82202,27
1599689141.74232&//shlohmo.bandcamp.com/album/heaven-inc-ep,https://f4.bcbits.com/img/0021037562_37.jpg,p,1599689141.7423198,us,United States,13.0,"Heaven Inc. / Looking At Plants 7""",,//shlohmo.bandcamp.com/album/heaven-inc-ep,13.0,Shlohmo,USD,Heaven Inc. EP,13.0,21037562.0,North America,133,Pop,1341,Hannah Park,F,"75417 Tim Estate
Lake Shannon, TX 69317",1341,mortiz@yahoo.com,2020-09-04,1,,,2135698775,1599861941,1600293941,40,0,69317,10
1599689149.03059&//flumo.bandcamp.com/album/fltd015-cosmic-echoes,https://f4.bcbits.com/img/0021055772_37.jpg,p,1599689149.03059,gb,United Kingdom,10.9899997711182,"Limited 12""",,//flumo.bandcamp.com/album/fltd015-cosmic-echoes,10.99,Contours & Yadava,EUR,FLTD015 :: Cosmic Echoes,12.97,21055772.0,Europe,237,Rock,13794,Sarah Martin,F,"79027 Melissa Haven
Port Arthur, FM 87841",13794,schmidtaaron@gmail.com,1973-04-20,1,,,2135698776,1599861949,1600293949,40,0,87841,28
1599689149.88396&//mandolinorange.bandcamp.com/album/austin-city-limits-live-at-the-moody-theater-3,https://f4.bcbits.com/img/0021565153_37.jpg,p,1599689149.88396,ca,Canada,40.0,Second pressing - Clear 2x Vinyl LP,,//mandolinorange.bandcamp.com/album/austin-city-limits-live-at-the-moody-theater-3,40.0,Mandolin Orange,USD,Austin City Limits Live at The Moody Theater,40.0,21565153.0,North America,139,Pop,60857,Barbara Alvarez,F,"Unit 9791 Box 9140
DPO AA 83722",60857,samuellang@gmail.com,1927-04-02,99,Gift Card $0.99 to package,GiftCard0.99,2135698777,1599861949,1600293949,40,0,83722,11
1599689153.51084&//technopsis.bandcamp.com/merch/pre-order-anti-commercial-sounds-t-shirt-reload,https://f4.bcbits.com/img/0021454887_37.jpg,p,1599689153.51084,gb,United Kingdom,20.0,[Pre-order] Anti Commercial Sounds t-shirt (Reload),,//technopsis.bandcamp.com/merch/pre-order-anti-commercial-sounds-t-shirt-reload,20.0,Technopsis,EUR,,23.61,21454887.0,Europe,240,Country,45912,Pamela Fisher,F,"521 Williams Trail Suite 370
Kellerport, CO 16667",45912,bcampos@yahoo.com,2003-08-24,99,Gift Card $0.99 to package,GiftCard0.99,2135698778,1599861953,1600293953,40,0,16667,29
1599689159.03262&//sergeantthunderhoof.bandcamp.com/album/delicate-sound-of-thunderhoof,https://f4.bcbits.com/img/0021454689_37.jpg,p,1599689159.03262,gb,United Kingdom,22.0,Mendip Hills Edition,,//sergeantthunderhoof.bandcamp.com/album/delicate-sound-of-thunderhoof,22.0,Sergeant Thunderhoof,GBP,Delicate Sound of Thunderhoof,28.58,21454689.0,Europe,243,Jazz,14744,Mark Garcia,M,"27178 William Hollow
North Patrickhaven, ND 39882",14744,brandon92@gmail.com,1962-06-04,1,,,2135698779,1599861959,1600293959,40,0,39882,30
1599689167.11833&//durbatuluk.bandcamp.com/album/aus-anderen-augen,https://f4.bcbits.com/img/0021212790_37.jpg,p,1599689167.11833,no,Norway,4.5,Limited Edition Compact Disc,,//durbatuluk.bandcamp.com/album/aus-anderen-augen,4.5,Durbatuluk,EUR,Aus anderen Augen,5.31,21212790.0,Europe,249,Jazz,26593,Carlos Green,M,"Unit 7562 Box 9373
DPO AP 87190",26593,arroyoashley@hotmail.com,1909-11-18,1,,,2135698780,1599861967,1600293967,40,0,87190,31
1599689169.95306&//bellows.bandcamp.com/album/fist-palm,https://f4.bcbits.com/img/0008451109_37.jpg,p,1599689169.95306,us,United States,15.0,"""Fist & Palm"" vinyl record",,//bellows.bandcamp.com/album/fist-palm,17.0,Bellows,USD,Fist & Palm,17.0,8451109.0,North America,250,Jazz,8122,Donna Townsend,F,"3551 Elijah Corners
Williamburgh, MH 72050",8122,shawnmunoz@yahoo.com,2021-08-30,1,,,2135698781,1599861969,1600293969,40,0,72050,32
1599689177.94025&//hauntthenation.bandcamp.com/album/flashback,https://f4.bcbits.com/img/0019743812_37.jpg,p,1599689177.94025,de,Germany,12.0,Flashblack Cassette,,//hauntthenation.bandcamp.com/album/flashback,12.0,Haunt,USD,Flashback,12.0,19743812.0,Europe,254,Hip hop,86464,Mr. Michael Armstrong DDS,M,"05416 Wilkinson Key Apt. 015
Delacruzchester, MI 52007",86464,rachelvance@yahoo.com,1992-07-14,99,Gift Card $0.99 to package,GiftCard0.99,2135698782,1599861977,1600293977,40,0,52007,33
1599689178.19544&//relapsealumni.bandcamp.com/album/times-of-grace,https://f4.bcbits.com/img/0004162724_37.jpg,p,1599689178.19544,ca,Canada,12.0,Times of Grace CD,,//relapsealumni.bandcamp.com/album/times-of-grace,12.0,Neurosis,USD,Times of Grace,12.0,4162724.0,North America,255,Rock,694,Raymond Rocha,M,"156 Miller Vista
Lake Jessicaberg, MN 25580",694,hessalec@hotmail.com,1991-05-03,99,Gift Card $0.99 to package,GiftCard0.99,2135698783,1599861978,1600293978,40,0,25580,34
1599689190.71953&//denguedenguedengue.bandcamp.com/album/fiebre,https://f4.bcbits.com/img/0021558244_37.jpg,p,1599689190.71953,nl,Netherlands,15.0,"Limited Edition 12"" vinyl",,//denguedenguedengue.bandcamp.com/album/fiebre,15.0,Dengue Dengue Dengue,EUR,Fiebre,17.71,21558244.0,Europe,262,Hip hop,21163,Spencer Ward,M,"240 Lane Plaza
East Catherinechester, WY 23212",21163,taylorkristin@gmail.com,1975-10-29,1,,,2135698784,1599861990,1600293990,40,0,23212,35
1599689200.88505&//tvgirl.bandcamp.com/album/french-exit,https://f4.bcbits.com/img/0021557934_37.jpg,p,1599689200.88505,us,United States,20.0,French Exit Repress,,//tvgirl.bandcamp.com/album/french-exit,25.0,TV Girl,USD,French Exit,25.0,21557934.0,North America,127,Pop,62728,Sharon Macias,F,"Unit 8185 Box 1936
DPO AA 82130",62728,brownholly@hotmail.com,1954-01-20,1,,,2135698785,1599862000,1600294000,40,0,82130,6
1599689201.09654&//mandolinorange.bandcamp.com/album/austin-city-limits-live-at-the-moody-theater-3,https://f4.bcbits.com/img/0021565153_37.jpg,p,1599689201.09654,us,United States,40.0,Second pressing - Clear 2x Vinyl LP,,//mandolinorange.bandcamp.com/album/austin-city-limits-live-at-the-moody-theater-3,40.0,Mandolin Orange,USD,Austin City Limits Live at The Moody Theater,40.0,21565153.0,North America,139,Pop,11040,Wayne Paul,M,"92544 Mccullough Mountains
Port Danielmouth, DC 02235",11040,fwalters@gmail.com,1983-11-16,1,,,2135698786,1599862001,1600294001,40,0,2235,11
1599689206.93813&//wavinghandsrecords.bandcamp.com/album/la-historia-de-tu-alma-7,https://f4.bcbits.com/img/0015224340_37.jpg,p,1599689206.93813,fr,France,10.0,"Limited Edition 7"" Vinyl",,//wavinghandsrecords.bandcamp.com/album/la-historia-de-tu-alma-7,10.0,Claus Comedi,EUR,"La Historia De Tu Alma 7""",11.8,15224340.0,Europe,267,Hip hop,20355,Jeremy Hill,M,"08277 Hernandez Tunnel
East Desiree, VT 23264",20355,woodbreanna@hotmail.com,1930-04-23,99,Gift Card $0.99 to package,GiftCard0.99,2135698787,1599862006,1600294006,40,0,23264,36
1599689217.12778&//theoraclebones.bandcamp.com/merch/oracle-bones-64-kua-t-shirt-white-w-black-print,https://f4.bcbits.com/img/0020778199_37.jpg,p,1599689217.12778,nl,Netherlands,20.0,Oracle Bones / 64 Kua T-shirt white w/ black print,,//theoraclebones.bandcamp.com/merch/oracle-bones-64-kua-t-shirt-white-w-black-print,20.0,Oracle Bones,EUR,,23.61,20778199.0,Europe,273,Pop,16373,Kara Williams,F,"17052 Smith Pines Apt. 196
South Christopherland, NC 36621",16373,armstrongmegan@gmail.com,1983-08-28,1,,,2135698788,1599862017,1600294017,40,0,36621,37
1599689217.62916&//catbeatsofficial.bandcamp.com/album/night-chill,https://f4.bcbits.com/img/0021491539_37.jpg,p,1599689217.62916,us,United States,5.25,Limited Edition Moonbeam Cassette,,//catbeatsofficial.bandcamp.com/album/night-chill,5.25,catbeats,USD,night chill,5.25,21491539.0,North America,274,Electronic,83887,Corey Charles,M,"437 Beck Street
East Ellen, VT 65040",83887,douglashenderson@gmail.com,1954-06-14,1,,,2135698789,1599862017,1600294017,40,0,65040,38
1599689222.45443&//mandolinorange.bandcamp.com/album/austin-city-limits-live-at-the-moody-theater-3,https://f4.bcbits.com/img/0021565153_37.jpg,p,1599689222.45443,us,United States,40.0,Second pressing - Clear 2x Vinyl LP,,//mandolinorange.bandcamp.com/album/austin-city-limits-live-at-the-moody-theater-3,40.0,Mandolin Orange,USD,Austin City Limits Live at The Moody Theater,40.0,21565153.0,North America,139,Pop,28709,Todd Carroll,M,"USCGC Lloyd
FPO AE 96150",28709,dunndavid@gmail.com,1935-09-27,1,,,2135698790,1599862022,1600294022,40,0,96150,11
1599689231.42743&//mandolinorange.bandcamp.com/album/austin-city-limits-live-at-the-moody-theater-3,https://f4.bcbits.com/img/0021565153_37.jpg,p,1599689231.4274302,us,United States,40.0,Second pressing - Clear 2x Vinyl LP,,//mandolinorange.bandcamp.com/album/austin-city-limits-live-at-the-moody-theater-3,40.0,Mandolin Orange,USD,Austin City Limits Live at The Moody Theater,40.0,21565153.0,North America,139,Pop,17869,Adam Fox,M,"5371 Jackson Hills Suite 555
New Paul, HI 72762",17869,bbray@gmail.com,1970-09-27,1,,,2135698791,1599862031,1600294031,40,0,72762,11
1599689232.60499&//mandolinorange.bandcamp.com/album/austin-city-limits-live-at-the-moody-theater-3,https://f4.bcbits.com/img/0021565153_37.jpg,p,1599689232.60499,us,United States,40.0,Second pressing - Clear 2x Vinyl LP,,//mandolinorange.bandcamp.com/album/austin-city-limits-live-at-the-moody-theater-3,40.0,Mandolin Orange,USD,Austin City Limits Live at The Moody Theater,40.0,21565153.0,North America,139,Pop,22934,Dustin Erickson,M,"54983 Timothy Mall Suite 241
Lake Julie, SC 81173",22934,joshuadixon@hotmail.com,1908-03-13,1,,,2135698792,1599862032,1600294032,40,0,81173,11
1599689233.13933&//mandolinorange.bandcamp.com/album/austin-city-limits-live-at-the-moody-theater-3,https://f4.bcbits.com/img/0021565153_37.jpg,p,1599689233.13933,us,United States,40.0,Second pressing - Clear 2x Vinyl LP,,//mandolinorange.bandcamp.com/album/austin-city-limits-live-at-the-moody-theater-3,40.0,Mandolin Orange,USD,Austin City Limits Live at The Moody Theater,40.0,21565153.0,North America,139,Pop,87059,Jeffrey Mejia,M,"930 Long Ports Suite 987
Mirandafurt, CT 66274",87059,robertsonvictoria@yahoo.com,1971-12-03,1,,,2135698793,1599862033,1600294033,40,0,66274,11
1599689246.22081&//mandolinorange.bandcamp.com/album/austin-city-limits-live-at-the-moody-theater-3,https://f4.bcbits.com/img/0021565153_37.jpg,p,1599689246.22081,gb,United Kingdom,40.0,Second pressing - Clear 2x Vinyl LP,,//mandolinorange.bandcamp.com/album/austin-city-limits-live-at-the-moody-theater-3,40.0,Mandolin Orange,USD,Austin City Limits Live at The Moody Theater,40.0,21565153.0,Europe,139,Pop,66385,Sarah Hansen,F,"3341 Andre Roads
Brandonshire, MO 42473",66385,gpatterson@gmail.com,1966-12-13,1,,,2135698794,1599862046,1600294046,40,0,42473,11
1599689250.96711&//throughloverec.bandcamp.com/album/eremit,https://f4.bcbits.com/img/0021207510_37.jpg,p,1599689250.96711,de,Germany,18.0,"Limited Coloured Vinyl Edition 12""",,//throughloverec.bandcamp.com/album/eremit,18.0,Neànder,EUR,Eremit,21.25,21207510.0,Europe,287,Hip hop,79659,Shane Beck,M,"27700 Pierce Rapids Apt. 434
Byrdmouth, WV 94908",79659,ruizjoshua@gmail.com,1920-12-30,1,,,2135698795,1599862050,1600294050,40,0,94908,39
1599689262.64609&//radicaldreamland.bandcamp.com/album/celeste-original-soundtrack,https://f4.bcbits.com/img/0015551366_37.jpg,p,1599689262.64609,us,United States,12.0,Limited Edition Cassette,,//radicaldreamland.bandcamp.com/album/celeste-original-soundtrack,12.0,Lena Raine,USD,Celeste Original Soundtrack,12.0,15551366.0,North America,293,Electronic,36410,Victor Hansen,M,"19430 Julie Port
Blackburnland, VA 70789",36410,driddle@yahoo.com,1942-10-26,99,Gift Card $0.99 to package,GiftCard0.99,2135698796,1599862062,1600294062,40,0,70789,40
1599689269.59373&//jackievenson.bandcamp.com/merch/modern-earrings-made-from-jackies-used-guitar-strings,https://f4.bcbits.com/img/0019758124_37.jpg,p,1599689269.59373,us,United States,29.0,Modern earrings made from Jackie's used guitar strings,,//jackievenson.bandcamp.com/merch/modern-earrings-made-from-jackies-used-guitar-strings,29.0,Jackie Venson,USD,,29.0,19758124.0,North America,298,Country,72848,Christopher Kim,M,"96462 Cruz Curve
New Suzanne, AR 27918",72848,awillis@yahoo.com,2001-10-05,1,,,2135698797,1599862069,1600294069,40,0,27918,41
1599689271.07767&//kikagakumoyo.bandcamp.com/album/forest-of-lost-children,https://f4.bcbits.com/img/0021295234_37.jpg,p,1599689271.07767,us,United States,20.0,(PRE-ORDER) Limited Edition Transparent Gold Vinyl,,//kikagakumoyo.bandcamp.com/album/forest-of-lost-children,20.0,Kikagaku Moyo,USD,Forest of Lost Children,20.0,21295234.0,North America,299,Jazz,95289,Mark Hanson,M,"3197 Casey Freeway Apt. 661
Port Jodi, MS 38298",95289,kholt@gmail.com,1931-12-17,99,Gift Card $0.99 to package,GiftCard0.99,2135698798,1599862071,1600294071,40,0,38298,42
1599689271.44871&//tvgirl.bandcamp.com/album/french-exit,https://f4.bcbits.com/img/0021557934_37.jpg,p,1599689271.44871,us,United States,20.0,French Exit Repress,,//tvgirl.bandcamp.com/album/french-exit,25.0,TV Girl,USD,French Exit,25.0,21557934.0,North America,127,Pop,70284,Timothy George,M,"820 Lisa Extension Apt. 761
West Ericaland, NM 62989",70284,kelly39@hotmail.com,2007-12-08,1,,,2135698799,1599862071,1600294071,40,0,62989,6
1599689277.02171&//ripplemusic.bandcamp.com/album/mental-nudge,https://f4.bcbits.com/img/0021193204_37.jpg,p,1599689277.02171,us,United States,10.0,PREORDER:  KIND - Mental Nudge Limited Digipak CD,,//ripplemusic.bandcamp.com/album/mental-nudge,10.0,KIND,USD,Mental Nudge,10.0,21193204.0,North America,302,Hip hop,98242,Kathleen Johnson,F,"8203 Parker Corners
West Maria, MI 74063",98242,jenningsjennifer@gmail.com,1964-10-03,99,Gift Card $0.99 to package,GiftCard0.99,2135698800,1599862077,1600294077,40,0,74063,43
1599689277.57243&//cmpbld.bandcamp.com/merch/camp-blood-logo-t-shirt,https://f4.bcbits.com/img/0021553168_37.jpg,p,1599689277.57243,us,United States,15.0,CAMP BLOOD Logo T-Shirt,,//cmpbld.bandcamp.com/merch/camp-blood-logo-t-shirt,15.69,Camp Blood,USD,,15.69,21553168.0,North America,303,Country,37319,Elizabeth Ball,F,"39311 Duran Plains Suite 309
Danielchester, AZ 42371",37319,sharoncampbell@gmail.com,2005-03-07,1,,,2135698801,1599862077,1600294077,40,0,42371,44
1599689295.30825&//fieldmedic.bandcamp.com/album/fade-into-the-dawn,https://f4.bcbits.com/img/0015391248_37.jpg,p,1599689295.30825,us,United States,18.0,limited edition lp - electric blue with black smoke vinyl,,//fieldmedic.bandcamp.com/album/fade-into-the-dawn,20.0,Field Medic,USD,fade into the dawn,20.0,15391248.0,North America,308,Rock,15111,Susan Johnson,F,"16505 Bell Crest Suite 169
South Melissa, MN 89495",15111,virginiabooker@gmail.com,2023-06-21,1,,,2135698802,1599862095,1600294095,40,0,89495,45
1599689303.84248&//mandolinorange.bandcamp.com/album/austin-city-limits-live-at-the-moody-theater-3,https://f4.bcbits.com/img/0021565153_37.jpg,p,1599689303.8424802,us,United States,40.0,Second pressing - Clear 2x Vinyl LP,,//mandolinorange.bandcamp.com/album/austin-city-limits-live-at-the-moody-theater-3,40.0,Mandolin Orange,USD,Austin City Limits Live at The Moody Theater,40.0,21565153.0,North America,139,Pop,38491,Shannon Woods,F,"805 Michelle Radial Suite 250
Lake Tommyport, IN 93885",38491,kimberly23@gmail.com,1954-10-29,1,,,2135698803,1599862103,1600294103,40,0,93885,11
1599689315.33626&//cults.bandcamp.com/album/offering,https://f4.bcbits.com/img/0011477453_37.jpg,p,1599689315.3362598,us,United States,6.5,Offering Cassette,,//cults.bandcamp.com/album/offering,6.5,Cults,USD,Offering,6.5,11477453.0,North America,320,Country,16525,Melissa Jones,F,"59754 Bartlett Loaf Apt. 120
Port Megan, GU 72356",16525,vhill@yahoo.com,1940-05-22,1,,,2135698804,1599862115,1600294115,40,0,72356,46
1599689325.10565&//tvgirl.bandcamp.com/album/french-exit,https://f4.bcbits.com/img/0021557934_37.jpg,p,1599689325.10565,us,United States,20.0,French Exit Repress,,//tvgirl.bandcamp.com/album/french-exit,20.0,TV Girl,USD,French Exit,20.0,21557934.0,North America,127,Pop,47983,Dylan Austin,M,"76525 Fisher Lane Apt. 467
East Laurentown, IA 39679",47983,roberthorn@gmail.com,1913-12-06,1,,,2135698805,1599862125,1600294125,40,0,39679,6
1599689326.30611&//precipices.bandcamp.com/album/lent-l-chie-du-malheur,https://f4.bcbits.com/img/0021566899_37.jpg,p,1599689326.30611,ca,Canada,5.0,Standar Edition,,//precipices.bandcamp.com/album/lent-l-chie-du-malheur,5.0,Précipices,CAD,L'entéléchie du malheur,3.8,21566899.0,North America,325,Electronic,57162,Amanda Jones,F,"49607 Timothy Pass Apt. 124
Williefort, LA 33682",57162,molly55@yahoo.com,1967-01-04,1,,,2135698806,1599862126,1600294126,40,0,33682,47
1599689327.69191&//cormorant.bandcamp.com/album/dwellings,https://f4.bcbits.com/img/0000110400_37.jpg,p,1599689327.69191,us,United States,8.0,Dwellings Digipak + download,,//cormorant.bandcamp.com/album/dwellings,9.0,Cormorant,USD,Dwellings,9.0,110400.0,North America,327,Country,32969,Dustin Reese,M,"5646 Jason Circles Apt. 300
Kimberg, VI 21585",32969,shelly52@gmail.com,1911-03-19,99,Gift Card $0.99 to package,GiftCard0.99,2135698807,1599862127,1600294127,40,0,21585,48
1599689332.13615&//mandolinorange.bandcamp.com/album/austin-city-limits-live-at-the-moody-theater-3,https://f4.bcbits.com/img/0021565153_37.jpg,p,1599689332.13615,us,United States,40.0,Second pressing - Clear 2x Vinyl LP,,//mandolinorange.bandcamp.com/album/austin-city-limits-live-at-the-moody-theater-3,40.0,Mandolin Orange,USD,Austin City Limits Live at The Moody Theater,40.0,21565153.0,North America,139,Pop,8043,Jessica Garcia,F,"2170 Amanda Squares Apt. 314
North William, KY 00580",8043,jonathan53@gmail.com,1930-10-18,1,,,2135698808,1599862132,1600294132,40,0,580,11
1599689351.21734&//washedout.bandcamp.com/merch/paracosm-cream-t-shirt,https://f4.bcbits.com/img/0007036573_37.jpg,p,1599689351.21734,us,United States,10.0,Paracosm Cream T-shirt,,//washedout.bandcamp.com/merch/paracosm-cream-t-shirt,15.0,Washed Out,USD,,15.0,7036573.0,North America,335,Country,71735,Sydney Freeman,F,"0249 Jesus Forge Apt. 327
Sallyhaven, ID 28940",71735,tacosta@hotmail.com,1947-03-09,1,,,2135698809,1599862151,1600294151,40,0,28940,49
1599689354.56625&//mandolinorange.bandcamp.com/album/austin-city-limits-live-at-the-moody-theater-3,https://f4.bcbits.com/img/0021565153_37.jpg,p,1599689354.56625,us,United States,40.0,Second pressing - Clear 2x Vinyl LP,,//mandolinorange.bandcamp.com/album/austin-city-limits-live-at-the-moody-theater-3,40.0,Mandolin Orange,USD,Austin City Limits Live at The Moody Theater,40.0,21565153.0,North America,139,Pop,72528,Jason Allen,M,"Unit 3661 Box 5898
DPO AE 07294",72528,kelleybrittany@gmail.com,1936-08-20,99,Gift Card $0.99 to package,GiftCard0.99,2135698810,1599862154,1600294154,40,0,7294,11
1599689382.65534&//battlelore.bandcamp.com/album/doombound,https://f4.bcbits.com/img/0013101428_37.jpg,p,1599689382.65534,us,United States,10.0,Doombound,,//battlelore.bandcamp.com/album/doombound,10.0,Battlelore,EUR,Doombound,11.8,13101428.0,North America,343,Country,95928,Justin Rodriguez,M,"861 Ralph Alley Apt. 283
Richardshire, SD 28166",95928,johnsonkevin@hotmail.com,2015-11-09,1,,,2135698811,1599862182,1600294182,40,0,28166,50
1599689385.88882&//mandolinorange.bandcamp.com/album/austin-city-limits-live-at-the-moody-theater-3,https://f4.bcbits.com/img/0021565153_37.jpg,p,1599689385.88882,us,United States,40.0,Second pressing - Clear 2x Vinyl LP,,//mandolinorange.bandcamp.com/album/austin-city-limits-live-at-the-moody-theater-3,40.0,Mandolin Orange,USD,Austin City Limits Live at The Moody Theater,40.0,21565153.0,North America,139,Pop,51733,Adam Travis,M,"PSC 5127, Box 8117
APO AP 44704",51733,janebass@gmail.com,1968-05-01,1,,,2135698812,1599862185,1600294185,40,0,44704,11
1599689398.68366&//blackbirdraum.bandcamp.com/merch/dill-witch-shirt,https://f4.bcbits.com/img/0020633111_37.jpg,p,1599689398.68366,us,United States,15.0,dill witch shirt,,//blackbirdraum.bandcamp.com/merch/dill-witch-shirt,15.0,Blackbird Raum,USD,,15.0,20633111.0,North America,348,Hip hop,12207,Audrey Bryan DDS,F,"424 Thomas Causeway Suite 448
Lake Kevinhaven, MN 03757",12207,bryan92@yahoo.com,1952-12-04,12,Gift Card $12 to package,GiftCard12,2135698813,1599862198,1600294198,40,0,3757,51
1599689402.77114&//lomelda.bandcamp.com/album/hannah,https://f4.bcbits.com/img/0020798470_37.jpg,p,1599689402.77114,us,United States,19.0,Pink Vinyl,,//lomelda.bandcamp.com/album/hannah,20.0,Lomelda,USD,Hannah,20.0,20798470.0,North America,350,Country,7942,Devin Butler,M,"9551 Kayla Field Apt. 604
South Nicolefort, MN 19934",7942,hstewart@yahoo.com,1985-08-03,99,Gift Card $0.99 to package,GiftCard0.99,2135698814,1599862202,1600294202,40,0,19934,52
1599689404.25306&//aqeelaadam.bandcamp.com/album/hollow-moon,https://f4.bcbits.com/img/0019470288_37.jpg,p,1599689404.25306,us,United States,1.0,Limited Edition Cassette,,//aqeelaadam.bandcamp.com/album/hollow-moon,1.0,Aqeel Aadam,USD,Hollow Moon,1.0,19470288.0,North America,351,Hip hop,25448,Mr. Ryan Jackson,M,"34071 Erik Estate Suite 298
Orrfurt, MP 57713",25448,carpentercrystal@yahoo.com,2015-06-12,1,,,2135698815,1599862204,1600294204,40,0,57713,53
1599689412.81443&//trepanationrecordings.bandcamp.com/album/trepanned-volume-one,https://f4.bcbits.com/img/0021552646_37.jpg,p,1599689412.81443,us,United States,20.0,Limited Edition Double CD and Black Long Sleeved Trepanation Shirt,,//trepanationrecordings.bandcamp.com/album/trepanned-volume-one,20.0,Various Artists,GBP,Trepanned - Volume One,25.98,21552646.0,North America,221,Rock,84499,Benjamin Russell MD,M,"USCGC Bowen
FPO AA 83628",84499,dannywilliams@hotmail.com,1979-09-27,1,,,2135698816,1599862212,1600294212,40,0,83628,54
1599689430.17932&//smartsworld.bandcamp.com/album/who-needs-smarts-anyway,https://f4.bcbits.com/img/0021560069_37.jpg,p,1599689430.17932,au,Australia,28.0,Smarts LP - White Vinyl,,//smartsworld.bandcamp.com/album/who-needs-smarts-anyway,28.0,Smarts,AUD,"Who Needs Smarts, Anyway?",20.36,21560069.0,Oceania,132,Electronic,7539,Anna Dalton,F,"USCGC Gomez
FPO AE 46694",7539,johnsonabigail@gmail.com,2016-06-13,99,Gift Card $0.99 to package,GiftCard0.99,2135698817,1599862230,1600294230,40,0,46694,9
1599689436.13067&//mandolinorange.bandcamp.com/album/austin-city-limits-live-at-the-moody-theater-3,https://f4.bcbits.com/img/0021565153_37.jpg,p,1599689436.1306698,us,United States,40.0,Second pressing - Clear 2x Vinyl LP,,//mandolinorange.bandcamp.com/album/austin-city-limits-live-at-the-moody-theater-3,40.0,Mandolin Orange,USD,Austin City Limits Live at The Moody Theater,40.0,21565153.0,North America,139,Pop,46897,Bob Miller,M,"0178 Hopkins Ports Suite 734
Jacquelinemouth, NV 59307",46897,kristenali@hotmail.com,1911-12-19,12,Gift Card $12 to package,GiftCard12,2135698818,1599862236,1600294236,40,0,59307,11
1599689436.67323&//mandolinorange.bandcamp.com/album/austin-city-limits-live-at-the-moody-theater-3,https://f4.bcbits.com/img/0021565153_37.jpg,p,1599689436.6732302,us,United States,40.0,Second pressing - Clear 2x Vinyl LP,,//mandolinorange.bandcamp.com/album/austin-city-limits-live-at-the-moody-theater-3,40.0,Mandolin Orange,USD,Austin City Limits Live at The Moody Theater,40.0,21565153.0,North America,139,Pop,22603,Ashley King,F,"5466 Stacey Villages
Joelmouth, WA 70604",22603,tommyweber@yahoo.com,1961-10-07,1,,,2135698819,1599862236,1600294236,40,0,70604,11
1599689446.14577&//actress.bandcamp.com/album/karma-desire,https://f4.bcbits.com/img/0021443711_37.jpg,p,1599689446.1457698,us,United States,24.0,Actress - 'Karma & Desire' Crystal Clear 2LPX [ZEN271X],,//actress.bandcamp.com/album/karma-desire,24.0,Actress,GBP,Karma & Desire,31.18,21443711.0,North America,361,Electronic,53134,Caitlin Thomas,F,"945 Samantha Avenue Suite 585
New Charles, SD 81381",53134,jamessloan@yahoo.com,1943-12-01,1,,,2135698820,1599862246,1600294246,40,0,81381,55
1599689453.38891&//graz.bandcamp.com/merch/partyline-tee,https://f4.bcbits.com/img/0020861011_37.jpg,p,1599689453.38891,us,United States,30.0,Partyline Tee,,//graz.bandcamp.com/merch/partyline-tee,30.0,Graz,USD,,30.0,20861011.0,North America,367,Country,45945,April Rodgers,F,"3940 Trevor Falls
South Melanie, MS 59171",45945,valdezkevin@gmail.com,1993-10-17,12,Gift Card $12 to package,GiftCard12,2135698821,1599862253,1600294253,40,0,59171,56
1599689453.52673&//graz.bandcamp.com/merch/plz-rave-from-home-tee-pre-order,https://f4.bcbits.com/img/0021543557_37.jpg,p,1599689453.52673,us,United States,30.0,PLZ Rave From Home Tee (Pre-Order),,//graz.bandcamp.com/merch/plz-rave-from-home-tee-pre-order,30.0,Graz,USD,,30.0,21543557.0,North America,367,Country,12981,Brittney Johnson,F,"Unit 7145 Box 8633
DPO AP 27805",12981,rwilliams@yahoo.com,1958-04-14,99,Gift Card $0.99 to package,GiftCard0.99,2135698822,1599862253,1600294253,40,0,27805,57
1599689453.68843&//graz.bandcamp.com/merch/plz-rave-from-home-swag-bag,https://f4.bcbits.com/img/0021467501_37.jpg,p,1599689453.68843,us,United States,25.0,PLZ Rave From Home Swag Bag,,//graz.bandcamp.com/merch/plz-rave-from-home-swag-bag,25.0,Graz,USD,,25.0,21467501.0,North America,367,Country,98707,Elizabeth Johnston,F,"3714 Flores Prairie Suite 090
South Judithside, CT 69661",98707,larrybrewer@hotmail.com,1963-05-21,1,,,2135698823,1599862253,1600294253,40,0,69661,58
1599689458.39188&//mandolinorange.bandcamp.com/album/austin-city-limits-live-at-the-moody-theater-3,https://f4.bcbits.com/img/0021565153_37.jpg,p,1599689458.39188,us,United States,40.0,Second pressing - Clear 2x Vinyl LP,,//mandolinorange.bandcamp.com/album/austin-city-limits-live-at-the-moody-theater-3,40.0,Mandolin Orange,USD,Austin City Limits Live at The Moody Theater,40.0,21565153.0,North America,139,Pop,68967,Sean Green,M,"684 David Street Apt. 870
Dianafurt, AS 90275",68967,vicki23@gmail.com,1922-12-26,12,Gift Card $12 to package,GiftCard12,2135698824,1599862258,1600294258,40,0,90275,11
1599689463.16579&//blackbirdraum.bandcamp.com/album/swidden,https://f4.bcbits.com/img/0021565868_37.jpg,p,1599689463.16579,us,United States,8.0,Swidden Tape,,//blackbirdraum.bandcamp.com/album/swidden,8.0,Blackbird Raum,USD,Swidden,8.0,21565868.0,North America,348,Hip hop,80064,James Walker,M,"9426 King Islands Apt. 343
North Anthony, SC 14323",80064,mdoyle@yahoo.com,1917-12-29,1,,,2135698825,1599862263,1600294263,40,0,14323,59
1599689470.19877&//sweettime.bandcamp.com/merch/sweet-time-vinyl-bundle,https://f4.bcbits.com/img/0019758945_37.jpg,p,1599689470.1987698,us,United States,20.0,Sweet Time Vinyl Bundle!,,//sweettime.bandcamp.com/merch/sweet-time-vinyl-bundle,20.0,Sweet Time,USD,,20.0,19758945.0,North America,371,Electronic,37969,Phillip Proctor,M,"451 Valdez Ranch Suite 281
East Michael, IN 43434",37969,vnguyen@yahoo.com,1946-07-15,1,,,2135698826,1599862270,1600294270,40,0,43434,60
1599689470.64402&//sweettime.bandcamp.com/album/sweet-time-rnr-comp,https://f4.bcbits.com/img/0021417339_37.jpg,p,1599689470.6440198,us,United States,20.0,Limited Edition Double Yellow Vinyl,,//sweettime.bandcamp.com/album/sweet-time-rnr-comp,20.0,Sweet Time,USD,Sweet Time RNR Comp!,20.0,21417339.0,North America,371,Electronic,90116,George Collins,M,"3211 Nicolas Park
Lake Donaldport, WA 75073",90116,brianlucero@gmail.com,1918-06-14,99,Gift Card $0.99 to package,GiftCard0.99,2135698827,1599862270,1600294270,40,0,75073,61
1599689481.61133&//mandolinorange.bandcamp.com/album/austin-city-limits-live-at-the-moody-theater-3,https://f4.bcbits.com/img/0021565153_37.jpg,p,1599689481.61133,us,United States,40.0,Second pressing - Clear 2x Vinyl LP,,//mandolinorange.bandcamp.com/album/austin-city-limits-live-at-the-moody-theater-3,40.0,Mandolin Orange,USD,Austin City Limits Live at The Moody Theater,40.0,21565153.0,North America,139,Pop,99496,Erin Miranda PhD,F,"1798 Trevino Fords Suite 603
South Stefanie, PW 70006",99496,swilliams@gmail.com,2001-09-11,1,,,2135698828,1599862281,1600294281,40,0,70006,11
1599689485.54488&//goatprayerrecords.bandcamp.com/album/seven-inches-of-hell-the-complete-collection,https://f4.bcbits.com/img/0021488447_37.jpg,p,1599689485.5448802,gb,United Kingdom,16.0,Whipstriker - Seven Inches of Hell - Cassette Boxset,,//goatprayerrecords.bandcamp.com/album/seven-inches-of-hell-the-complete-collection,16.0,Whipstriker,GBP,Seven Inches of Hell - The Complete Collection,20.79,21488447.0,Europe,377,Jazz,15955,Willie Melton,M,"3898 Thomas Trail
New Jose, GU 93672",15955,pearsonkevin@yahoo.com,1916-10-10,99,Gift Card $0.99 to package,GiftCard0.99,2135698829,1599862285,1600294285,40,0,93672,62
1599689490.51418&//tvgirl.bandcamp.com/album/french-exit,https://f4.bcbits.com/img/0021557934_37.jpg,p,1599689490.5141802,us,United States,20.0,French Exit Repress,,//tvgirl.bandcamp.com/album/french-exit,20.0,TV Girl,USD,French Exit,20.0,21557934.0,North America,127,Pop,24159,Miss Rachel Douglas,F,"738 Erin Plaza
East Cherylview, MI 24379",24159,jjohnson@yahoo.com,1938-04-07,1,,,2135698830,1599862290,1600294290,40,0,24379,6
1599689491.86108&//totalementsublime.bandcamp.com/album/totalement-sublime,https://f4.bcbits.com/img/0021553764_37.jpg,p,1599689491.8610802,ca,Canada,19.9899997711182,"Vinyle 12"" - Livraison gratuite Montréal (voir codes postaux)",,//totalementsublime.bandcamp.com/album/totalement-sublime,19.99,Totalement Sublime,CAD,Totalement Sublime,15.19,21553764.0,North America,379,Rock,13455,Rebecca Hart,F,"PSC 4774, Box 3317
APO AE 74693",13455,zweaver@hotmail.com,2020-07-03,99,Gift Card $0.99 to package,GiftCard0.99,2135698831,1599862291,1600294291,40,0,74693,63
1599689503.58957&//zealandardor.bandcamp.com/album/wake-of-a-nation-ep,https://f4.bcbits.com/img/0021461171_37.jpg,p,1599689503.5895698,us,United States,15.0,"12"" 140g Crystal Clear Vinyl",,//zealandardor.bandcamp.com/album/wake-of-a-nation-ep,15.0,Zeal and Ardor,GBP,Wake of a Nation (EP),19.49,21461171.0,North America,383,Country,41874,Jill Myers,F,"93183 Elizabeth Throughway
Castilloberg, AR 93028",41874,deleonsteven@yahoo.com,1934-06-23,99,Gift Card $0.99 to package,GiftCard0.99,2135698832,1599862303,1600294303,40,0,93028,64
1599689508.00021&//leonvynehall.bandcamp.com/album/nothing-is-still,https://f4.bcbits.com/img/0013111085_37.jpg,p,1599689508.00021,gb,United Kingdom,17.0,Leon Vynehall - 'Nothing Is Still' LP,,//leonvynehall.bandcamp.com/album/nothing-is-still,17.0,LEON VYNEHALL,GBP,Nothing Is Still,22.09,13111085.0,Europe,388,Electronic,25009,Ian Daniels,M,"16887 Harrison Via
North Williamfort, ME 49399",25009,joshua16@yahoo.com,2002-11-25,1,,,2135698833,1599862308,1600294308,40,0,49399,65
1599689508.36825&//lascafeteras.bandcamp.com/merch/no-fronteras-tee-black,https://f4.bcbits.com/img/0011915398_37.jpg,p,1599689508.36825,us,United States,30.0,No Fronteras Tee BLACK,,//lascafeteras.bandcamp.com/merch/no-fronteras-tee-black,30.0,Las Cafeteras,USD,,30.0,11915398.0,North America,390,Pop,19253,Emily Bradley,F,"711 Rodney Centers
Berryfurt, AZ 05136",19253,christopher38@yahoo.com,1913-01-25,99,Gift Card $0.99 to package,GiftCard0.99,2135698834,1599862308,1600294308,40,0,5136,66
1599689526.14523&//sonormusiceditions.bandcamp.com/album/il-dio-sotto-la-pelle-ost,https://f4.bcbits.com/img/0018517364_37.jpg,p,1599689526.14523,it,Italy,30.0,Limited Edition D.LP,,//sonormusiceditions.bandcamp.com/album/il-dio-sotto-la-pelle-ost,30.0,Piero Piccioni,EUR,IL DIO SOTTO LA PELLE OST,35.41,18517364.0,Europe,400,Pop,92491,Dr. William Briggs,M,"USNS Miller
FPO AE 93782",92491,ahoward@yahoo.com,1985-11-06,1,,,2135698835,1599862326,1600294326,40,0,93782,67
1599689526.55218&//death.bandcamp.com/merch/halloween-classic-logo-pullover-hoodie,https://f4.bcbits.com/img/0017218632_37.jpg,p,1599689526.55218,us,United States,37.0,Halloween Classic Logo Pullover Hoodie,,//death.bandcamp.com/merch/halloween-classic-logo-pullover-hoodie,37.0,Death,USD,,37.0,17218632.0,North America,402,Rock,84337,Monica Mata,F,"643 Jasmine Hills
Gregoryland, AL 89868",84337,jill10@gmail.com,1973-05-21,1,,,2135698836,1599862326,1600294326,40,0,89868,68
1599689526.75428&//sonormusiceditions.bandcamp.com/album/lingua-dargento-original-soundtrack,https://f4.bcbits.com/img/0014672295_37.jpg,p,1599689526.75428,it,Italy,25.0,Limited Edition LP,,//sonormusiceditions.bandcamp.com/album/lingua-dargento-original-soundtrack,25.0,Alberto Baldan Bembo,EUR,LINGUA D'ARGENTO (Original Soundtrack),29.51,14672295.0,Europe,403,Electronic,65564,Raymond Dawson,M,"0368 Frye Highway
Herreraside, TN 33363",65564,jessebaker@yahoo.com,1933-08-04,1,,,2135698837,1599862326,1600294326,40,0,33363,69
1599689526.97485&//sonormusiceditions.bandcamp.com/album/alessandro-alessandroni,https://f4.bcbits.com/img/0019737425_37.jpg,p,1599689526.97485,it,Italy,30.0,Limited Edition LP,,//sonormusiceditions.bandcamp.com/album/alessandro-alessandroni,30.0,Alessandro Alessandroni,EUR,ALESSANDRO ALESSANDRONI,35.41,19737425.0,Europe,404,Pop,95461,Ryan Crawford,M,"4713 Dunn Shores
Hensonton, DE 79499",95461,wilsonkimberly@gmail.com,1954-07-31,99,Gift Card $0.99 to package,GiftCard0.99,2135698838,1599862326,1600294326,40,0,79499,70
1599689534.9489&//e-mantra-altar.bandcamp.com/album/raining-lights-24bits,https://f4.bcbits.com/img/0006143049_37.jpg,p,1599689534.9489,us,United States,10.0,Buy CD (16Bits) and get immediate 9-tracks download (24Bits),,//e-mantra-altar.bandcamp.com/album/raining-lights-24bits,10.0,E-MANTRA (old account),USD,Raining Lights [24Bits],10.0,6143049.0,North America,408,Country,35465,Christine Jones,F,"18499 Brittney Gateway Apt. 561
Laurenfort, NV 15279",35465,thomasgregory@yahoo.com,1959-11-29,99,Gift Card $0.99 to package,GiftCard0.99,2135698839,1599862334,1600294334,40,0,15279,71
1599689546.73575&//desolatorblacklion.bandcamp.com/album/sermon-of-apathy,https://f4.bcbits.com/img/0021361367_37.jpg,p,1599689546.73575,au,Australia,13.0,Digipak CD Sermon Of Apathy,,//desolatorblacklion.bandcamp.com/album/sermon-of-apathy,13.0,Desolator,EUR,Sermon Of Apathy,15.34,21361367.0,Oceania,410,Hip hop,16369,Megan Fuller,F,"109 Martinez Rapids Apt. 237
North Carol, ID 96707",16369,deborah52@yahoo.com,1967-02-19,1,,,2135698840,1599862346,1600294346,40,0,96707,72
