_id,image_url,item_type,utc_date,country_code,country,item_price,item_description,art_id,url,amount_paid,artist_name,currency,album_title,amount_paid_usd,Region,artist_id,genre,user_id,name,gender,address,address_id,email,birthdate,promotion,promotion_id,promotion_description,platform_fee_%,fee_discount,postcode,prod_id
1599688803.5175&//girlbanddublin.bandcamp.com/album/live-at-vicar-street,https://f4.bcbits.com/img/a0206405257_7.jpg,a,1599688803.5175,gb,United Kingdom,9.98999977111816,Live at Vicar Street,206405257.0,//girlbanddublin.bandcamp.com/album/live-at-vicar-street,9.99,Girl Band,USD,,9.99,Europe,101,Electronic,75398,Paul Arias,M,"132 Ibarra Trafficway
East Jasonview, PA 67355",75398,heidistein@yahoo.com,2007-01-10,,1,,20.0,0,67355,1
1599688805.2783802&//maharettarecords.bandcamp.com/album/neurogen,https://f4.bcbits.com/img/a2984241552_7.jpg,a,1599688805.2783802,fi,Finland,1.0,Neurogen,2984241552.0,//maharettarecords.bandcamp.com/album/neurogen,1.0,Jirah,GBP,,1.3,Europe,102,Jazz,72766,Victoria Rodriguez,F,"8996 Lisa Mountains Apt. 506
West Mark, SD 93467",72766,moniquecruz@yahoo.com,1917-11-04,,1,,20.0,0,93467,2
1599688805.90646&//maharettarecords.bandcamp.com/album/the-last-snare-bender-2,https://f4.bcbits.com/img/a3320494770_7.jpg,a,1599688805.90646,fi,Finland,3.0,The Last Snare Bender,3320494770.0,//maharettarecords.bandcamp.com/album/the-last-snare-bender-2,3.0,D-Ther,GBP,,3.9,Europe,103,Hip hop,59940,Jessica Hernandez,F,"662 Amber Trail Apt. 126
West Sean, VA 01968",59940,huffevelyn@hotmail.com,1923-06-05,,1,,20.0,0,1968,3
1599688809.07942&//linguaignota.bandcamp.com/track/o-ruthless-great-divine-director,https://f4.bcbits.com/img/a3428873396_7.jpg,t,1599688809.07942,us,United States,1.0,O Ruthless Great Divine Director,3428873396.0,//linguaignota.bandcamp.com/track/o-ruthless-great-divine-director,1.0,LINGUA IGNOTA,USD,,1.0,North America,105,Hip hop,71332,Brian Marquez,M,"812 King Crossroad
West John, AL 62893",71332,rebecca96@gmail.com,2009-06-11,,1,,30.0,0,62893,4
1599688812.69267&//sofiefatouretchi.bandcamp.com/track/try-to-reach-me,https://f4.bcbits.com/img/a0772371002_7.jpg,t,1599688812.69267,us,United States,1.28999996185303,Try to Reach Me,772371002.0,//sofiefatouretchi.bandcamp.com/track/try-to-reach-me,1.29,Sofie,USD,Cult Survivor,1.29,North America,106,Jazz,24721,Holly Young,F,"90334 Melissa Village
Adrianville, FM 02178",24721,jodihampton@yahoo.com,1962-08-17,,1,,30.0,0,2178,5
1599688813.89375&//plexitofer.bandcamp.com/album/the-new-anime-groove-collection,https://f4.bcbits.com/img/a3245809273_7.jpg,a,1599688813.89375,jp,Japan,0.0,THE NEW ANIME GROOVE COLLECTION,3245809273.0,//plexitofer.bandcamp.com/album/the-new-anime-groove-collection,1.0,Plexi Music,USD,,1.0,Asia,107,Country,54936,Eric Hubbard,M,"USNS Bradley
FPO AA 77141",54936,jeffery07@hotmail.com,1947-11-24,,1,,20.0,0,77141,6
1599688817.63138&//haroldbudd.bandcamp.com/album/the-white-arcades,https://f4.bcbits.com/img/a1223607670_7.jpg,a,1599688817.63138,de,Germany,5.0,The White Arcades,1223607670.0,//haroldbudd.bandcamp.com/album/the-white-arcades,5.0,Harold Budd,GBP,,6.5,Europe,108,Electronic,17155,Ann Flores,F,"24722 Roberts Field Suite 183
South William, MT 83044",17155,lopezjacqueline@yahoo.com,1955-10-20,,1,,20.0,0,83044,7
1599688823.53451&//favoriterecordings.bandcamp.com/track/better-day-hard-soul-mix,https://f4.bcbits.com/img/a1858161280_7.jpg,t,1599688823.53451,ch,Switzerland,1.99000000953674,Better Day (Hard Soul Mix),1858161280.0,//favoriterecordings.bandcamp.com/track/better-day-hard-soul-mix,1.99,Djeneba,EUR,French Disco Boogie Sounds Vol.4,2.35,Europe,109,Pop,97688,Jim Brown,M,"16714 Patrick Brook
Paigeside, WV 72150",97688,salazartammy@hotmail.com,1988-01-03,,1,,30.0,0,72150,8
1599688825.93404&//amandapalmer.bandcamp.com/track/its-a-fire,https://f4.bcbits.com/img/a2371143964_7.jpg,t,1599688825.93404,us,United States,1.0,It's A Fire,2371143964.0,//amandapalmer.bandcamp.com/track/its-a-fire,1.0,Amanda Palmer & Rhiannon Giddens,USD,,1.0,North America,110,Hip hop,57395,David Johnson,M,"313 Danielle Mount Apt. 666
Byrdmouth, PA 18194",57395,kosborn@gmail.com,1917-02-13,,1,,30.0,0,18194,9
1599688835.15601&//thecaptaincreolecollection.bandcamp.com/album/the-ochre-demos-and-designs,https://f4.bcbits.com/img/a3997925422_7.jpg,a,1599688835.15601,gb,United Kingdom,7.0,The Ochre (Demos and Designs),3997925422.0,//thecaptaincreolecollection.bandcamp.com/album/the-ochre-demos-and-designs,7.0,The Ochre,GBP,,9.09,Europe,111,Country,39414,Crystal Reyes,F,"8675 Bryan Springs Suite 600
West Anna, MI 21266",39414,iclark@gmail.com,1990-10-05,,1,,20.0,0,21266,10
1599688836.80575&//linguaignota.bandcamp.com/track/jolene,https://f4.bcbits.com/img/a2070002729_7.jpg,t,1599688836.80575,us,United States,1.0,JOLENE,2070002729.0,//linguaignota.bandcamp.com/track/jolene,1.0,LINGUA IGNOTA,USD,,1.0,North America,105,Hip hop,38510,Jessica Blackburn,F,"350 Diaz Place Suite 971
New Michele, WY 77816",38510,tina75@gmail.com,1939-06-06,,1,,30.0,0,77816,11
1599688836.87656&//linguaignota.bandcamp.com/track/wicked-game,https://f4.bcbits.com/img/a2915354829_7.jpg,t,1599688836.87656,us,United States,2.99000000953674,WICKED GAME,2915354829.0,//linguaignota.bandcamp.com/track/wicked-game,2.99,LINGUA IGNOTA,USD,,2.99,North America,105,Hip hop,39399,John Jensen,M,"89600 Madison Glen
Port Brookemouth, MN 33310",39399,harrisrandy@yahoo.com,2007-07-21,,1,,30.0,0,33310,12
1599688837.10089&//cookinsoul.bandcamp.com/album/larry-june-x-cookin-soul-orange-season-ep,https://f4.bcbits.com/img/a1314103391_7.jpg,a,1599688837.10089,us,United States,5.0,Larry June x Cookin Soul - Orange Season (EP),1314103391.0,//cookinsoul.bandcamp.com/album/larry-june-x-cookin-soul-orange-season-ep,7.0,Cookin Soul,EUR,,8.26,North America,112,Jazz,27089,Connor Giles,M,"133 Susan Pine Suite 413
Markland, NC 30529",27089,amber95@hotmail.com,1937-06-05,,1,,20.0,0,30529,13
1599688845.11123&//kindischoffical.bandcamp.com/album/zoi-ca-prisms-ep,https://f4.bcbits.com/img/a0049233717_7.jpg,a,1599688845.11123,ca,Canada,1.9800000190734897,Zoi (CA) - Prisms EP,49233717.0,//kindischoffical.bandcamp.com/album/zoi-ca-prisms-ep,2.0,Zoi (CA),EUR,,2.36,North America,113,Jazz,4819,Audrey Vaughn,F,"Unit 2556 Box 4836
DPO AA 59783",4819,fsolomon@hotmail.com,2005-09-19,,1,,20.0,0,59783,14
1599688845.11818&//stephenpaultaylor.bandcamp.com/track/shits-fucked,https://f4.bcbits.com/img/a2555210841_7.jpg,t,1599688845.11818,us,United States,1.0,Shit's Fucked,2555210841.0,//stephenpaultaylor.bandcamp.com/track/shits-fucked,1.69,SPT,EUR,People Tonight,1.99,North America,114,Country,24261,Sherry Ortiz,F,"205 James Spurs Suite 024
Port Robin, OH 49433",24261,gschneider@hotmail.com,1919-02-17,,1,,30.0,0,49433,15
1599688845.66974&//kindischoffical.bandcamp.com/track/death-on-the-balcony-para-ser-libre,https://f4.bcbits.com/img/a3599485280_7.jpg,t,1599688845.66974,ca,Canada,1.9800000190734897,Death on the Balcony - Para Ser Libre,3599485280.0,//kindischoffical.bandcamp.com/track/death-on-the-balcony-para-ser-libre,2.0,Death on the Balcony,EUR,Death on the Balcony - Once Removed EP,2.36,North America,115,Electronic,1563,Phyllis Boyle,F,"0052 Amanda Dam
New Amy, ME 10158",1563,joseph40@hotmail.com,1928-06-17,,1,,30.0,0,10158,16
1599688848.2181098&//darcie.bandcamp.com/track/silence,https://f4.bcbits.com/img/a1781604878_7.jpg,t,1599688848.2181098,gb,United Kingdom,1.0,Silence,1781604878.0,//darcie.bandcamp.com/track/silence,1.0,Darcie,GBP,,1.3,Europe,116,Hip hop,62017,Heather Carlson,F,"33947 Nicholson Lodge
Port Michellestad, NJ 07885",62017,ogillespie@hotmail.com,1990-01-01,,1,,30.0,0,7885,17
1599688852.06918&//shellarecords.bandcamp.com/album/jamaican-fruit-of-african-roots-ep,https://f4.bcbits.com/img/a3853902807_7.jpg,a,1599688852.06918,ca,Canada,4.0,Jamaican Fruit of African Roots EP,3853902807.0,//shellarecords.bandcamp.com/album/jamaican-fruit-of-african-roots-ep,10.0,"Sheila Rickards, King Tubby, Prince Philip,  The Aggrovators.",USD,,10.0,North America,117,Jazz,99091,Joanna Soto,F,"Unit 7866 Box 8972
DPO AE 84788",99091,longtara@gmail.com,1933-04-27,,1,,20.0,0,84788,18
1599688868.46945&//plushorganics.bandcamp.com/album/dregs-in-bloom,https://f4.bcbits.com/img/a1537705454_7.jpg,a,1599688868.46945,gb,United Kingdom,2.0,Dregs In Bloom,1537705454.0,//plushorganics.bandcamp.com/album/dregs-in-bloom,2.0,Gloga,USD,,2.0,Europe,119,Pop,90175,Joseph Trevino,M,"8601 Palmer Branch
Markfurt, PW 14321",90175,thomasharvey@hotmail.com,2004-03-03,,1,,20.0,0,14321,19
1599688869.06688&//flasherdc.bandcamp.com/album/winnie-b-w-burn-blue-2,https://f4.bcbits.com/img/a3947951792_7.jpg,a,1599688869.06688,us,United States,2.0,Winnie b/w Burn Blue,3947951792.0,//flasherdc.bandcamp.com/album/winnie-b-w-burn-blue-2,2.0,Flasher,USD,,2.0,North America,120,Hip hop,94968,Melissa Hunter,F,"70227 Higgins Port Apt. 991
Haastown, GA 14568",94968,emily22@yahoo.com,2019-08-10,,1,,20.0,0,14568,20
1599688869.28855&//flasherdc.bandcamp.com/album/s-t-ep-2,https://f4.bcbits.com/img/a0215819831_7.jpg,a,1599688869.28855,us,United States,7.0,S/T EP,215819831.0,//flasherdc.bandcamp.com/album/s-t-ep-2,7.0,Flasher,USD,,7.0,North America,120,Hip hop,59609,Franklin Horton,M,"7157 Mueller Station
Port Michaelborough, IA 61552",59609,nancy90@hotmail.com,1981-06-01,,1,,20.0,0,61552,21
1599688875.25304&//fatigo.bandcamp.com/track/unruly-gentleman-bonus-track,https://f4.bcbits.com/img/a1631177587_7.jpg,t,1599688875.25304,us,United States,1.0,Unruly Gentleman (BONUS TRACK!!),1631177587.0,//fatigo.bandcamp.com/track/unruly-gentleman-bonus-track,1.0,Mike Montoya,USD,Mike Montoya Live At The Rogue,1.0,North America,123,Electronic,40528,Andrew Santos,M,"3277 Johnson Key
Port Matthew, PA 54221",40528,mariaayers@yahoo.com,1996-02-07,,1,,30.0,0,54221,22
1599688875.89556&//blaublauband.bandcamp.com/album/kiss-kiss,https://f4.bcbits.com/img/a1483467987_7.jpg,a,1599688875.89556,us,United States,0.0,KISS KISS,1483467987.0,//blaublauband.bandcamp.com/album/kiss-kiss,5.0,Blau Blau,USD,,5.0,North America,125,Electronic,4825,Adam Jones,M,"4104 Jeffrey Fall
New Dana, TN 34384",4825,parsonsjacqueline@gmail.com,1941-01-28,,1,,20.0,0,34384,23
1599688876.4084&//mogwai.bandcamp.com/album/2018,https://f4.bcbits.com/img/a1397909724_7.jpg,a,1599688876.4084,gb,United Kingdom,0.0,2018,1397909724.0,//mogwai.bandcamp.com/album/2018,10.0,Mogwai,GBP,,12.99,Europe,126,Pop,14739,Debbie Mathews,F,"263 Grimes Cape
Lake Nicholas, NE 69876",14739,srice@hotmail.com,2009-09-30,,1,,20.0,0,69876,24
1599688886.70388&//ppudc.bandcamp.com/track/omae,https://f4.bcbits.com/img/a2497433116_7.jpg,t,1599688886.70388,gb,United Kingdom,3.0,Omae,2497433116.0,//ppudc.bandcamp.com/track/omae,3.0,Ryu Tsuruoka,USD,Omae,3.0,Europe,128,Rock,24442,Christopher Hess,M,"43435 Gallagher Meadow
Robertchester, HI 19143",24442,kristencooper@gmail.com,1940-01-06,Rock-50,50,Discount 50% from platform fee to music in genre Rock,30.0,50,19143,25
1599688888.96698&//starsofthelid.bandcamp.com/album/per-aspera-ad-astra,https://f4.bcbits.com/img/a1658932889_7.jpg,a,1599688888.96698,us,United States,9.0,Per Aspera Ad Astra,1658932889.0,//starsofthelid.bandcamp.com/album/per-aspera-ad-astra,9.0,Stars of the Lid / John McCafferty,USD,,9.0,North America,129,Hip hop,39031,James Blair,M,"1267 Benjamin Plains
Everettshire, MO 03978",39031,nicholasmarsh@yahoo.com,1962-01-07,,1,,20.0,0,3978,26
1599688905.75448&//themountaingoats.bandcamp.com/album/transcendental-youth,https://f4.bcbits.com/img/a1515826610_7.jpg,a,1599688905.75448,gb,United Kingdom,8.0,Transcendental Youth,1515826610.0,//themountaingoats.bandcamp.com/album/transcendental-youth,8.0,The Mountain Goats,USD,,8.0,Europe,134,Jazz,89954,Heidi Morales,F,"484 Garcia Springs Apt. 426
Donnatown, IA 26648",89954,philliplarsen@hotmail.com,1960-04-15,,1,,20.0,0,26648,27
1599688907.40035&//al3movement.bandcamp.com/album/black-ops-ep,https://f4.bcbits.com/img/a1652040908_7.jpg,a,1599688907.40035,ar,Argentina,3.0,Black Ops EP,1652040908.0,//al3movement.bandcamp.com/album/black-ops-ep,200.0,Parde Grilon,USD,,200.0,South America,135,Rock,83598,Amy Sanders,F,"PSC 6876, Box 9451
APO AE 65167",83598,pshepard@gmail.com,1956-01-22,Rock-50,50,Discount 50% from platform fee to music in genre Rock,20.0,50,65167,28
1599688909.77612&//askillz.bandcamp.com/track/staying-alive-a-skillz-remix,https://f4.bcbits.com/img/a0581583225_7.jpg,t,1599688909.77612,us,United States,1.0,Staying Alive (A.Skillz Remix),581583225.0,//askillz.bandcamp.com/track/staying-alive-a-skillz-remix,1.0,Bee Gees,GBP,,1.3,North America,136,Hip hop,97944,Brittney Stevens,F,"000 Bennett Hills Suite 839
Frenchside, HI 65636",97944,qmiller@gmail.com,1937-06-22,,1,,30.0,0,65636,29
1599688910.03707&//djkmell.bandcamp.com/track/gala-freed-from-desire-summer-remix,https://f4.bcbits.com/img/a2029802053_7.jpg,t,1599688910.03707,it,Italy,2.0,Gala - Freed From Desire (Summer Remix),2029802053.0,//djkmell.bandcamp.com/track/gala-freed-from-desire-summer-remix,2.0,Dj Kmell,EUR,,2.36,Europe,137,Electronic,71979,Holly Shaw,F,"44579 Lindsey Villages Apt. 511
East Christianhaven, GA 50523",71979,erin25@gmail.com,1986-01-14,,1,,30.0,0,50523,30
1599688910.23003&//djkmell.bandcamp.com/track/barry-white-cant-get-enough-of-your-love-babe-kmell-re-loved-2020,https://f4.bcbits.com/img/a2963888243_7.jpg,t,1599688910.23003,it,Italy,3.0,Barry White - Can't Get Enough Of Your Love Babe ( Kmell Re loved 2020),2963888243.0,//djkmell.bandcamp.com/track/barry-white-cant-get-enough-of-your-love-babe-kmell-re-loved-2020,3.0,Dj Kmell,EUR,,3.54,Europe,137,Electronic,79842,David Johnson,M,"5673 Flores View
North Brianhaven, TN 33924",79842,danielsanthony@gmail.com,1999-04-07,,1,,30.0,0,33924,31
1599688910.24464&//djkmell.bandcamp.com/track/kool-the-gang-straight-ahead-kmell-rework-2020,https://f4.bcbits.com/img/a0952931779_7.jpg,t,1599688910.24464,it,Italy,3.0,Kool & The Gang - Straight Ahead (Kmell Rework 2020),952931779.0,//djkmell.bandcamp.com/track/kool-the-gang-straight-ahead-kmell-rework-2020,3.0,Dj Kmell,EUR,,3.54,Europe,137,Electronic,55799,Charles Clark,M,"25281 Beth Estates Apt. 462
Davisberg, NE 06934",55799,lsolis@gmail.com,2003-05-12,,1,,30.0,0,6934,32
1599688910.4449198&//djkmell.bandcamp.com/track/change-a-lovers-holiday-kmell-reedit-2020,https://f4.bcbits.com/img/a2389635820_7.jpg,t,1599688910.4449198,it,Italy,2.0,Change - A Lover's Holiday (Kmell Reedit 2020),2389635820.0,//djkmell.bandcamp.com/track/change-a-lovers-holiday-kmell-reedit-2020,2.0,Dj Kmell,EUR,,2.36,Europe,137,Electronic,10817,Courtney Franklin,F,"714 Ward Hill
Alisonport, HI 32480",10817,douglas51@gmail.com,1914-10-11,,1,,30.0,0,32480,33
1599688910.56721&//djkmell.bandcamp.com/track/kurtis-blow-the-breaks-kmell-remix-2020,https://f4.bcbits.com/img/a0821876867_7.jpg,t,1599688910.56721,it,Italy,2.0,Kurtis Blow-The Breaks (Kmell Remix 2020),821876867.0,//djkmell.bandcamp.com/track/kurtis-blow-the-breaks-kmell-remix-2020,2.0,Dj Kmell,EUR,,2.36,Europe,137,Electronic,31283,Alicia Long,F,"1318 Kathy Ramp Apt. 912
Butlerburgh, MA 31612",31283,patricktucker@gmail.com,1920-04-24,,1,,30.0,0,31612,34
1599688910.61406&//djkmell.bandcamp.com/track/gloria-estefan-conga-kmell-re-cong-2020,https://f4.bcbits.com/img/a1627173140_7.jpg,t,1599688910.61406,it,Italy,2.5,Gloria Estefan - Conga (Kmell Re-Cong 2020),1627173140.0,//djkmell.bandcamp.com/track/gloria-estefan-conga-kmell-re-cong-2020,2.5,Dj Kmell,EUR,,2.95,Europe,137,Electronic,72688,Kathleen Sherman,F,"5561 Angel Rapid
Alyssachester, TN 34983",72688,david86@yahoo.com,2004-03-13,,1,,30.0,0,34983,35
1599688910.72272&//djkmell.bandcamp.com/track/lisa-stanfield-the-real-thing-kmell-rework-2020,https://f4.bcbits.com/img/a1367944162_7.jpg,t,1599688910.72272,it,Italy,2.0,Lisa Stanfield -The Real Thing (Kmell Rework 2020),1367944162.0,//djkmell.bandcamp.com/track/lisa-stanfield-the-real-thing-kmell-rework-2020,2.0,Dj Kmell,EUR,,2.36,Europe,137,Electronic,82228,Connie Wilcox,F,"USCGC Matthews
FPO AE 87273",82228,jessicaowens@gmail.com,1991-06-02,,1,,30.0,0,87273,36
1599688910.80711&//djkmell.bandcamp.com/track/kim-carnes-bettes-davis-eyes-kmell-re-tide-2020,https://f4.bcbits.com/img/a0105583481_7.jpg,t,1599688910.80711,it,Italy,2.5,Kim Carnes - Bettes Davis Eyes (Kmell Re-Tide 2020),105583481.0,//djkmell.bandcamp.com/track/kim-carnes-bettes-davis-eyes-kmell-re-tide-2020,2.5,Dj Kmell,EUR,,2.95,Europe,137,Electronic,87248,Audrey Perkins,F,"961 Huerta Burg
Port Jessica, SC 14959",87248,summer16@hotmail.com,1970-11-10,,1,,30.0,0,14959,37
1599688914.0554&https://music.dandywarhols.com/album/warhol-wednesday-endless-live-album,https://f4.bcbits.com/img/a2385632826_7.jpg,a,1599688914.0554,us,United States,10.0,Warhol Wednesday: Endless Live Album,2385632826.0,https://music.dandywarhols.com/album/warhol-wednesday-endless-live-album,10.0,The Dandy Warhols,USD,,10.0,North America,138,Jazz,38106,Dakota Davis,M,"25915 Robinson Loaf Apt. 168
Martinstad, NM 42783",38106,john00@hotmail.com,1993-02-10,,1,,20.0,0,42783,38
1599688916.06573&//officialastarinite.bandcamp.com/album/until-the-end-of-the-moon,https://f4.bcbits.com/img/a3306076405_7.jpg,a,1599688916.06573,es,Spain,0.0,Until the End of the Moon,3306076405.0,//officialastarinite.bandcamp.com/album/until-the-end-of-the-moon,1.0,Astari Nite,USD,,1.0,Europe,140,Country,48251,Sheila Miller,F,"521 Jones Canyon
South Pamela, GU 77695",48251,glen86@gmail.com,1957-08-04,,1,,20.0,0,77695,39
1599688916.55951&//godcolony.bandcamp.com/track/turn-my-g-down-feat-stash-marina,https://f4.bcbits.com/img/a4001924644_7.jpg,t,1599688916.55951,it,Italy,1.5,Turn My G Down (feat. Stash Marina),4001924644.0,//godcolony.bandcamp.com/track/turn-my-g-down-feat-stash-marina,1.5,God Colony,GBP,Turn My G Down (feat. Stash Marina),1.95,Europe,141,Rock,96524,Javier Prince,M,"68478 Eric Forge Apt. 534
South Joseph, ME 98687",96524,ryan38@hotmail.com,1998-08-29,Rock-50,50,Discount 50% from platform fee to music in genre Rock,30.0,50,98687,40
1599688919.08886&//cratesmotelrecords.bandcamp.com/track/pat-metheenee-slip-away-conan-liquid-crates-motel-remix,https://f4.bcbits.com/img/a0161412926_7.jpg,t,1599688919.08886,it,Italy,2.4000000953674303,Pat Metheenee - Slip Away (Conan Liquid Crates Motel Remix),161412926.0,//cratesmotelrecords.bandcamp.com/track/pat-metheenee-slip-away-conan-liquid-crates-motel-remix,2.4,Conan Liquid,GBP,Conan Liquid Reel to reel re re re edits Vol. 9,3.12,Europe,142,Jazz,20947,Courtney Zamora MD,F,"071 Colleen Fords
East Jeffshire, KS 42835",20947,kochgreg@hotmail.com,1985-04-07,,1,,30.0,0,42835,41
1599688919.17168&//alanbraufman.bandcamp.com/album/the-fire-still-burns,https://f4.bcbits.com/img/a1821311236_7.jpg,a,1599688919.17168,us,United States,10.0,The Fire Still Burns,1821311236.0,//alanbraufman.bandcamp.com/album/the-fire-still-burns,10.0,Alan Braufman,USD,,10.0,North America,143,Hip hop,4263,Catherine Gordon,F,"64664 Thompson Route Suite 975
North George, GA 21431",4263,laradonna@hotmail.com,2008-05-13,,1,,20.0,0,21431,42
1599688919.22949&//cratesmotelrecords.bandcamp.com/track/elton-jon-are-you-ready-for-love-conan-liquid-reel-to-reel-re-re-re-edit,https://f4.bcbits.com/img/a2824482526_7.jpg,t,1599688919.22949,it,Italy,1.20000004768372,Elton Jon - Are you ready for love? (Conan Liquid Reel to reel re re re edit),2824482526.0,//cratesmotelrecords.bandcamp.com/track/elton-jon-are-you-ready-for-love-conan-liquid-reel-to-reel-re-re-re-edit,1.2,Conan Liquid,GBP,Conan Liquid Reel to Reel re re re edits Vol. 2,1.56,Europe,142,Jazz,56627,Donald Hoffman,M,"837 John Prairie
Port Brenda, VI 60950",56627,micheal09@gmail.com,1960-10-27,,1,,30.0,0,60950,43
1599688919.3997&//cratesmotelrecords.bandcamp.com/track/jamirokwai-too-young-to-die-conan-liquid-reel-to-reel-re-re-re-edit,https://f4.bcbits.com/img/a3507826457_7.jpg,t,1599688919.3997,it,Italy,2.4000000953674303,JamiroKwai - Too Young to Die (Conan Liquid Reel to reel re re re edit),3507826457.0,//cratesmotelrecords.bandcamp.com/track/jamirokwai-too-young-to-die-conan-liquid-reel-to-reel-re-re-re-edit,2.4,Conan Liquid,GBP,Conan Liquid Reel to reel re re re edits Vol. 3,3.12,Europe,142,Jazz,29166,Robert Davis,M,"5504 Derek Shores
South Ronniefort, FL 17178",29166,eric36@gmail.com,1919-08-01,,1,,30.0,0,17178,44
1599688919.5047&//cratesmotelrecords.bandcamp.com/track/alicia-i-want-to-thank-you-conan-liquid-crates-motel-naughty-but-splice-edit,https://f4.bcbits.com/img/a0310082834_7.jpg,t,1599688919.5047,it,Italy,1.20000004768372,Alicia - I want to thank you (Conan Liquid Crates Motel Naughty but Splice Edit),310082834.0,//cratesmotelrecords.bandcamp.com/track/alicia-i-want-to-thank-you-conan-liquid-crates-motel-naughty-but-splice-edit,1.2,Conan Liquid,GBP,Conan Liquid Reel to Reel re re re edits Vol. 1,1.56,Europe,142,Jazz,34885,Jim Torres,M,"798 Amanda Mills Suite 678
Hurstchester, MA 64674",34885,mcdonaldjennifer@hotmail.com,1958-08-12,,1,,30.0,0,64674,45
1599688919.93334&//cratesmotelrecords.bandcamp.com/track/jan-jacksun-when-i-think-of-you-conan-liquid-reel-to-reel-re-re-re-edit,https://f4.bcbits.com/img/a2134247343_7.jpg,t,1599688919.93334,it,Italy,1.20000004768372,Jan Jacksun - When I think of You (Conan Liquid Reel to reel re re re edit),2134247343.0,//cratesmotelrecords.bandcamp.com/track/jan-jacksun-when-i-think-of-you-conan-liquid-reel-to-reel-re-re-re-edit,1.2,Conan Liquid,GBP,Conan Liquid Reel to reel re re re edits Vol. 4,1.56,Europe,142,Jazz,75629,Dawn Hunt,F,"507 David Stravenue
Port Sabrina, IL 39598",75629,watsonrodney@gmail.com,1957-11-11,,1,,30.0,0,39598,46
1599688924.0009&//dieorakel.bandcamp.com/track/big-cabin,https://f4.bcbits.com/img/a1786807205_7.jpg,t,1599688924.0009,ch,Switzerland,3.0,Big Cabin,1786807205.0,//dieorakel.bandcamp.com/track/big-cabin,3.0,Gacha Bakradze,EUR,Western Arrogance,3.54,Europe,144,Jazz,72513,Shawn Johnson,M,"750 Underwood Knoll Apt. 437
Thompsonberg, AK 67290",72513,joelsmith@hotmail.com,1981-11-10,,1,,30.0,0,67290,47
1599688925.07075&//chrisgs1.bandcamp.com/track/the-power-chris-gs-edit,https://f4.bcbits.com/img/a4062744547_7.jpg,t,1599688925.07075,it,Italy,7.0,The Power (Chris Gs Edit),4062744547.0,//chrisgs1.bandcamp.com/track/the-power-chris-gs-edit,7.0,chris gs,EUR,Club,8.26,Europe,145,Jazz,11189,Brian Ortiz,M,"1293 Fisher Knolls
Maryburgh, ND 75076",11189,folsen@yahoo.com,1961-08-17,,1,,30.0,0,75076,48
1599688925.18235&//chrisgs1.bandcamp.com/track/bim-sala-bim-chris-gs-edit,https://f4.bcbits.com/img/a4274598676_7.jpg,t,1599688925.18235,it,Italy,7.0,Bim Sala Bim (Chris Gs Edit),4274598676.0,//chrisgs1.bandcamp.com/track/bim-sala-bim-chris-gs-edit,7.0,chris gs,EUR,"Funk, Disco Funk",8.26,Europe,145,Jazz,92735,James Crawford,M,"298 Ashley Court Apt. 022
Lake Brandifort, PA 52837",92735,tamara69@yahoo.com,2007-09-30,,1,,30.0,0,52837,49
1599688925.3133302&//chrisgs1.bandcamp.com/track/mirage-chris-gs-edit,https://f4.bcbits.com/img/a2999726551_7.jpg,t,1599688925.3133302,it,Italy,9.0,Mirage (Chris Gs Edit),2999726551.0,//chrisgs1.bandcamp.com/track/mirage-chris-gs-edit,9.0,chris gs,EUR,"Low, Vol.2",10.62,Europe,145,Jazz,67754,Justin Hancock,M,"7702 May Crescent Suite 610
Anthonyberg, OK 40040",67754,fnelson@hotmail.com,2021-06-21,,1,,30.0,0,40040,50
1599688925.39068&//chrisgs1.bandcamp.com/track/the-captain-of-her-heart-chris-gs-edit,https://f4.bcbits.com/img/a2019616075_7.jpg,t,1599688925.39068,it,Italy,20.0,The captain of her heart (Chris Gs Edit),2019616075.0,//chrisgs1.bandcamp.com/track/the-captain-of-her-heart-chris-gs-edit,20.0,chris gs,EUR,"Low, Vol.1",23.6,Europe,145,Jazz,72026,Pamela Gallagher,F,"295 Jacob Skyway
Lake Michael, DE 50610",72026,jennifer48@yahoo.com,1936-10-17,,1,,30.0,0,50610,51
1599688925.4526&//chrisgs1.bandcamp.com/track/electrica-salsa-chris-gs-edit,https://f4.bcbits.com/img/a2334396463_7.jpg,t,1599688925.4526,it,Italy,6.5,Electrica Salsa (Chris Gs Edit),2334396463.0,//chrisgs1.bandcamp.com/track/electrica-salsa-chris-gs-edit,6.5,chris gs,EUR,"80's, Vol.1",7.67,Europe,145,Jazz,60191,Michele Jenkins,F,"4920 Timothy Stravenue
South Georgestad, MS 04728",60191,hguerrero@hotmail.com,1920-06-11,,1,,30.0,0,4728,52
1599688925.54091&//chrisgs1.bandcamp.com/track/what-a-wonderful-world-chris-gs-edit,https://f4.bcbits.com/img/a0456620325_7.jpg,t,1599688925.54091,it,Italy,2.5,(What a) Wonderful world (Chris Gs Edit),456620325.0,//chrisgs1.bandcamp.com/track/what-a-wonderful-world-chris-gs-edit,2.5,chris gs,EUR,60's Sound,2.95,Europe,145,Jazz,48821,Cheryl Mayer,F,"9999 Donna Roads
New Charles, MI 83749",48821,kimberlywillis@hotmail.com,1990-04-29,,1,,30.0,0,83749,53
1599688925.8862&//chrisgs1.bandcamp.com/track/ring-my-bell-chris-gs-edit,https://f4.bcbits.com/img/a2456093065_7.jpg,t,1599688925.8862,it,Italy,8.0,Ring my bell (Chris Gs Edit),2456093065.0,//chrisgs1.bandcamp.com/track/ring-my-bell-chris-gs-edit,8.0,chris gs,EUR,Disco,9.44,Europe,145,Jazz,59344,Susan Hall,F,"USNS Frey
FPO AP 76823",59344,kaitlin11@yahoo.com,1953-11-02,,1,,30.0,0,76823,54
1599688925.92374&//chrisgs1.bandcamp.com/track/its-a-shame-chris-gs-edit,https://f4.bcbits.com/img/a0394180112_7.jpg,t,1599688925.92374,it,Italy,2.0,It's a shame (Chris Gs Edit),394180112.0,//chrisgs1.bandcamp.com/track/its-a-shame-chris-gs-edit,2.0,chris gs,EUR,"Reggae, Ska",2.36,Europe,145,Jazz,9157,Timothy Huerta,M,"475 Tina Parkways Suite 724
Keithfurt, NC 57793",9157,matthew28@yahoo.com,1976-11-11,,1,,30.0,0,57793,55
1599688925.92418&//chrisgs1.bandcamp.com/track/dont-send-me-away-chris-gs-edit,https://f4.bcbits.com/img/a3828710040_7.jpg,t,1599688925.92418,it,Italy,20.0,Don't send me away (Chris Gs Edit),3828710040.0,//chrisgs1.bandcamp.com/track/dont-send-me-away-chris-gs-edit,20.0,chris gs,EUR,"Soul, Vol.1",23.6,Europe,145,Jazz,57250,Stephen Watts,M,"3498 Wise Forges
Jonesshire, MO 53410",57250,barryhowe@gmail.com,1991-08-13,,1,,30.0,0,53410,56
1599688925.99716&//chrisgs1.bandcamp.com/track/seed-20-chris-gs-edit,https://f4.bcbits.com/img/a3044542436_7.jpg,t,1599688925.99716,it,Italy,7.0,Seed 2.0 (Chris Gs Edit),3044542436.0,//chrisgs1.bandcamp.com/track/seed-20-chris-gs-edit,7.0,chris gs,EUR,"Rock, Indie, Alternative, Vol.1",8.26,Europe,145,Jazz,90108,Jason Mann,M,"85832 Joshua Plains Suite 039
Floydton, CA 84240",90108,harrismolly@hotmail.com,2019-05-05,,1,,30.0,0,84240,57
1599688926.394&//loveallday.bandcamp.com/album/chimes,https://f4.bcbits.com/img/a2854542262_7.jpg,a,1599688926.394,gb,United Kingdom,0.0,Chimes,2854542262.0,//loveallday.bandcamp.com/album/chimes,5.0,M. Klausman/P. Prezzano,USD,,5.0,Europe,147,Rock,59454,Hannah Jensen,F,"98182 Collins Ville Suite 812
Raybury, NM 26668",59454,holly63@yahoo.com,1935-02-26,Rock-50,50,Discount 50% from platform fee to music in genre Rock,20.0,50,26668,58
1599688928.27319&//creepoutjapan.bandcamp.com/album/svvines-and-heretics,https://f4.bcbits.com/img/a3293553886_7.jpg,a,1599688928.27319,de,Germany,700.0,SVVINES AND HERETICS,3293553886.0,//creepoutjapan.bandcamp.com/album/svvines-and-heretics,700.0,CREEPOUT,JPY,,6.59,Europe,149,Country,72559,Kenneth Mcconnell,M,"697 Tyler Flats
West Jacobmouth, NM 98396",72559,rowelisa@gmail.com,1925-01-19,,1,,20.0,0,98396,59
1599688929.14511&//petrola80.bandcamp.com/track/low-b4,https://f4.bcbits.com/img/a0379614748_7.jpg,t,1599688929.14511,ch,Switzerland,2.0,Low B4,379614748.0,//petrola80.bandcamp.com/track/low-b4,2.0,Lyra Valenza,EUR,Nightshade Edition,2.36,Europe,150,Pop,18512,Kevin Fletcher,M,"82999 Lindsey Prairie
Lake Melissa, PA 47495",18512,monicastone@gmail.com,2023-01-10,,1,,30.0,0,47495,60
1599688929.85596&//librarytapes.bandcamp.com/track/by-fields-i,https://f4.bcbits.com/img/a1236592538_7.jpg,t,1599688929.85596,us,United States,1.0,By Fields (I),1236592538.0,//librarytapes.bandcamp.com/track/by-fields-i,1.0,David Wenngren,EUR,Trees,1.18,North America,151,Jazz,3792,Molly Nichols,F,"86765 Edwards Greens Apt. 726
Lauramouth, NY 30740",3792,nelsonanna@yahoo.com,1925-07-14,,1,,30.0,0,30740,61
1599688930.87041&//soundsofthedawn.bandcamp.com/track/moon-lush,https://f4.bcbits.com/img/a0009942308_7.jpg,t,1599688930.87041,gb,United Kingdom,1.0,Moon Lush,9942308.0,//soundsofthedawn.bandcamp.com/track/moon-lush,1.0,Rod Hamilton & Tiffany Seal,USD,Moon Lush,1.0,Europe,152,Rock,99978,Donald Rose,M,"USNV Garza
FPO AE 47438",99978,abbottjake@hotmail.com,1955-10-10,Rock-50,50,Discount 50% from platform fee to music in genre Rock,30.0,50,47438,62
1599688931.59097&//andavald.bandcamp.com/album/undir-skygg-arhaldi,https://f4.bcbits.com/img/a4226331593_7.jpg,a,1599688931.59097,au,Australia,0.0,Undir skygg√∞arhaldi,4226331593.0,//andavald.bandcamp.com/album/undir-skygg-arhaldi,1.0,Andavald,USD,,1.0,Oceania,153,Jazz,42832,Deborah Bernard,F,"2856 Mckay Curve Apt. 245
Michaelstad, DE 95285",42832,willisryan@hotmail.com,1979-08-25,,1,,20.0,0,95285,63
1599688932.13327&//kmouta.bandcamp.com/track/jade-dont-walk-away-k-mouta-edit,https://f4.bcbits.com/img/a2009641399_7.jpg,t,1599688932.13327,it,Italy,1.0,Jade - Don't Walk Away (K Mouta Edit),2009641399.0,//kmouta.bandcamp.com/track/jade-dont-walk-away-k-mouta-edit,1.0,K Mouta,EUR,,1.18,Europe,154,Hip hop,2074,David Brennan,M,"480 Diana Pike
Erinport, OR 54404",2074,andrewsleah@gmail.com,2016-05-30,,1,,30.0,0,54404,64
1599688932.1488&//kmouta.bandcamp.com/track/michael-jackson-paul-maccartney-the-girl-is-mine-k-mouta-edit,https://f4.bcbits.com/img/a2811266950_7.jpg,t,1599688932.1488,it,Italy,1.35000002384186,Michael Jackson & Paul MacCartney - The Girl Is Mine (K Mouta Edit),2811266950.0,//kmouta.bandcamp.com/track/michael-jackson-paul-maccartney-the-girl-is-mine-k-mouta-edit,1.35,K Mouta,EUR,,1.59,Europe,154,Hip hop,72689,Roger Martin,M,"79443 William Ways
Hendersonfort, PW 97593",72689,carla19@hotmail.com,1935-09-17,,1,,30.0,0,97593,65
1599688932.65871&//kmouta.bandcamp.com/track/stereophonics-maybe-tomorrow-k-mouta-edit,https://f4.bcbits.com/img/a2678007533_7.jpg,t,1599688932.65871,it,Italy,1.0,Stereophonics - Maybe Tomorrow (K Mouta Edit),2678007533.0,//kmouta.bandcamp.com/track/stereophonics-maybe-tomorrow-k-mouta-edit,1.0,K Mouta,EUR,,1.18,Europe,154,Hip hop,63375,Nicole Hernandez,F,"0288 Mitchell Rapid
Gregoryhaven, MP 98581",63375,richardparrish@hotmail.com,1984-08-25,,1,,30.0,0,98581,66
1599688932.68529&//kmouta.bandcamp.com/track/the-weeknd-blinding-lights-k-mouta-bossa-edit,https://f4.bcbits.com/img/a3632910507_7.jpg,t,1599688932.68529,it,Italy,1.35000002384186,The Weeknd - Blinding Lights (K Mouta Bossa Edit),3632910507.0,//kmouta.bandcamp.com/track/the-weeknd-blinding-lights-k-mouta-bossa-edit,1.35,K Mouta,EUR,,1.59,Europe,154,Hip hop,3838,Ronald Ruiz,M,"3722 Joseph Branch Suite 625
East Jesse, WY 14983",3838,reynoldsnathan@hotmail.com,2007-09-13,,1,,30.0,0,14983,67
1599688932.79666&//kmouta.bandcamp.com/track/sting-englishman-in-new-york-k-mouta-edit,https://f4.bcbits.com/img/a1861344100_7.jpg,t,1599688932.79666,it,Italy,1.25,Sting - Englishman In New York (K Mouta Edit),1861344100.0,//kmouta.bandcamp.com/track/sting-englishman-in-new-york-k-mouta-edit,1.25,K Mouta,EUR,,1.48,Europe,154,Hip hop,96359,Christopher James,M,"9290 Erica Canyon
Jacksonfurt, KS 73943",96359,henry59@hotmail.com,1956-02-28,,1,,30.0,0,73943,68
1599688932.92204&//kmouta.bandcamp.com/track/osibisa-sunshine-day-k-mouta-edit,https://f4.bcbits.com/img/a2703054949_7.jpg,t,1599688932.92204,it,Italy,1.35000002384186,Osibisa - Sunshine Day (K Mouta Edit),2703054949.0,//kmouta.bandcamp.com/track/osibisa-sunshine-day-k-mouta-edit,1.35,K Mouta,EUR,,1.59,Europe,154,Hip hop,29799,Eric Allison,M,"809 Randolph Stream Apt. 291
Bradleymouth, DC 84617",29799,dorseydebra@yahoo.com,1989-11-02,,1,,30.0,0,84617,69
1599688934.42047&//isthisrealityorjustadream.bandcamp.com/track/naufrage-mental-mix,https://f4.bcbits.com/img/a1217873846_7.jpg,t,1599688934.42047,ch,Switzerland,1.5,Naufrage (Mental Mix),1217873846.0,//isthisrealityorjustadream.bandcamp.com/track/naufrage-mental-mix,1.5,Isthisreality?,EUR,,1.77,Europe,155,Jazz,20370,Faith Lee,F,"9311 Smith Islands Suite 079
Greenshire, IL 80013",20370,robin25@gmail.com,1982-03-23,,1,,30.0,0,80013,70
1599688934.62363&//theconfinementtapes.bandcamp.com/album/confinement-release6,https://f4.bcbits.com/img/a0786130339_7.jpg,a,1599688934.62363,gb,United Kingdom,0.0,CONFINEMENT/release6,786130339.0,//theconfinementtapes.bandcamp.com/album/confinement-release6,0.75,Spratleys Japs/ Panixphere,GBP,,0.97,Europe,156,Country,63165,Dennis Romero,M,"0031 Swanson Viaduct
Leehaven, RI 06610",63165,obriensarah@gmail.com,1941-11-20,,1,,20.0,0,6610,71
1599688934.90753&//isthisrealityorjustadream.bandcamp.com/track/recovery,https://f4.bcbits.com/img/a0611780752_7.jpg,t,1599688934.90753,ch,Switzerland,1.5,Recovery,611780752.0,//isthisrealityorjustadream.bandcamp.com/track/recovery,1.5,Isthisreality?,EUR,,1.77,Europe,155,Jazz,46526,Ricardo Miller,M,"624 Wells Road Suite 861
Brittanyside, AS 03645",46526,ravenperez@hotmail.com,2017-04-26,,1,,30.0,0,3645,72
1599688936.23161&//vill4in.bandcamp.com/track/immersion,https://f4.bcbits.com/img/a4122870991_7.jpg,t,1599688936.23161,gb,United Kingdom,1.0,Immersion,4122870991.0,//vill4in.bandcamp.com/track/immersion,1.0,Voyage Futur,USD,Inner Sphere,1.0,Europe,157,Country,32399,Gregory Brooks,M,"6905 Landry Motorway Apt. 072
East Cynthia, MO 20668",32399,stanleythomas@hotmail.com,1994-12-15,,1,,30.0,0,20668,73
1599688937.9657302&//kaizengameworks.bandcamp.com/album/paradise-killer-original-soundtrack,https://f4.bcbits.com/img/a1556974217_7.jpg,a,1599688937.9657302,us,United States,8.98999977111816,Paradise Killer Original Soundtrack,1556974217.0,//kaizengameworks.bandcamp.com/album/paradise-killer-original-soundtrack,8.99,"Barry ""Epoch"" Topping",GBP,,11.68,North America,158,Rock,24263,Roger Parks,M,"1745 Parsons Manor
East Lori, IL 16705",24263,cheyenne34@yahoo.com,2010-07-08,Rock-50,50,Discount 50% from platform fee to music in genre Rock,20.0,50,16705,74
1599688939.4145&//junctionrecords.bandcamp.com/track/hide-seek-aqxdm-remix,https://f4.bcbits.com/img/a3822283310_7.jpg,t,1599688939.4145,ch,Switzerland,1.5,Hide & Seek (AQXDM Remix),3822283310.0,//junctionrecords.bandcamp.com/track/hide-seek-aqxdm-remix,1.5,Cool Tiger,EUR,Junction White 003,1.77,Europe,159,Hip hop,50216,Ryan Hayes,M,"79918 Carr Landing
Cruztown, PR 19449",50216,kelly03@yahoo.com,1951-11-26,,1,,30.0,0,19449,75
1599688942.11742&//lionmilk.bandcamp.com/track/being,https://f4.bcbits.com/img/a3283678079_7.jpg,t,1599688942.11742,gb,United Kingdom,2.0,being,3283678079.0,//lionmilk.bandcamp.com/track/being,2.0,Lionmilk and Jon GK,USD,Healing for a New Tomorrow,2.0,Europe,160,Rock,49818,Denise Jones,F,"USNV Richards
FPO AE 36941",49818,franklinjessica@gmail.com,1985-03-06,Rock-50,50,Discount 50% from platform fee to music in genre Rock,30.0,50,36941,76
1599688943.361&//ajjtheband.bandcamp.com/album/people-who-can-eat-people-are-the-luckiest-people-in-the-world,https://f4.bcbits.com/img/a2306527754_7.jpg,a,1599688943.361,us,United States,6.65999984741211,People Who Can Eat People Are the Luckiest People In the World,2306527754.0,//ajjtheband.bandcamp.com/album/people-who-can-eat-people-are-the-luckiest-people-in-the-world,6.66,AJJ,USD,,6.66,North America,161,Country,24438,Kevin Davis,M,"5825 Teresa Harbors
West Katiebury, MD 09168",24438,daniel20@yahoo.com,1935-05-24,,1,,20.0,0,9168,77
1599688943.79336&//feveram.bandcamp.com/track/tykaepyzo,https://f4.bcbits.com/img/a4145619179_7.jpg,t,1599688943.79336,ch,Switzerland,1.75,Tykaepyzo,4145619179.0,//feveram.bandcamp.com/track/tykaepyzo,1.75,Asmus Odsat,EUR,"""I Hope You Are Well During These Strange Times""",2.07,Europe,162,Hip hop,98679,John Shields,M,"16057 Andrea Shoal
Bowmanshire, MA 88002",98679,patrick18@yahoo.com,1917-01-21,,1,,30.0,0,88002,78
1599688944.1287&//bbemusic.bandcamp.com/track/days-like-this-spinna-ticklah-club-mix,https://f4.bcbits.com/img/a0521208185_7.jpg,t,1599688944.1287,gb,United Kingdom,1.5,Days Like This (Spinna & Ticklah Club Mix),521208185.0,//bbemusic.bandcamp.com/track/days-like-this-spinna-ticklah-club-mix,1.5,Shaun Escoffery,GBP,DJ Spinna presents The Sound Beyond Stars - The Essential Remixes,1.95,Europe,163,Country,12686,Jill Richards,F,"16074 Laura Islands
Mezaview, NV 14397",12686,josephsmith@gmail.com,2023-01-23,,1,,30.0,0,14397,79
1599688948.3735&//triprecords.bandcamp.com/track/headache-vs-corona,https://f4.bcbits.com/img/a0960476424_7.jpg,t,1599688948.3735,ch,Switzerland,1.5,Headache vs. Corona,960476424.0,//triprecords.bandcamp.com/track/headache-vs-corona,1.5,LUCKER,EUR,Hot Steel,1.77,Europe,164,Jazz,54161,Thomas Adams,M,"3676 Richard Coves
East Amyton, NH 61376",54161,steinronald@hotmail.com,1915-01-19,,1,,30.0,0,61376,80
1599688948.75424&//astronautsetc.bandcamp.com/album/gestures,https://f4.bcbits.com/img/a0210937742_7.jpg,a,1599688948.75424,gb,United Kingdom,7.0,Gestures,210937742.0,//astronautsetc.bandcamp.com/album/gestures,7.0,Anthony Ferraro,USD,,7.0,Europe,166,Jazz,13662,Taylor Lara,F,"PSC 2764, Box 5355
APO AP 68540",13662,amanda32@gmail.com,1909-11-06,,1,,20.0,0,68540,81
1599688949.28085&//chongomusic.bandcamp.com/album/sonic-headrush,https://f4.bcbits.com/img/a1723031717_7.jpg,a,1599688949.28085,us,United States,0.0,Sonic Headrush,1723031717.0,//chongomusic.bandcamp.com/album/sonic-headrush,10.0,Chongo,USD,,10.0,North America,168,Electronic,94104,Laura Aguirre,F,"76699 Charles Club
West Josefort, OK 35078",94104,anthonynatalie@gmail.com,1914-08-31,,1,,20.0,0,35078,82
1599688953.27327&//thehorrorsquad.bandcamp.com/album/dudes-night-horror-squad-split-7,https://f4.bcbits.com/img/a3073851348_7.jpg,a,1599688953.27327,us,United States,0.0,"Dudes Night / Horror Squad Split 7""",3073851348.0,//thehorrorsquad.bandcamp.com/album/dudes-night-horror-squad-split-7,5.0,Horror Squad,USD,,5.0,North America,170,Jazz,14136,Melinda Brooks,F,"90313 Bell Passage
Jamesfort, VI 63693",14136,zcisneros@gmail.com,1955-02-17,,1,,20.0,0,63693,83
1599688953.69928&//nostrohoodsystem.bandcamp.com/track/yau-manifold-lithe-remix,https://f4.bcbits.com/img/a1769666089_7.jpg,t,1599688953.69928,ch,Switzerland,1.0,Yau Manifold (Lithe Remix),1769666089.0,//nostrohoodsystem.bandcamp.com/track/yau-manifold-lithe-remix,1.0,Matthew Laundro,GBP,,1.3,Europe,171,Jazz,86093,Christopher Phillips,M,"7387 Shelley Meadow
North Samanthaport, WY 91227",86093,dcummings@yahoo.com,1997-04-13,,1,,30.0,0,91227,84
1599688954.03643&//yialmelicfrequencies.bandcamp.com/album/play-ponds,https://f4.bcbits.com/img/a1743361533_7.jpg,a,1599688954.03643,gb,United Kingdom,2.5,Play Ponds,1743361533.0,//yialmelicfrequencies.bandcamp.com/album/play-ponds,2.5,Yialmelic Frequencies,USD,,2.5,Europe,172,Country,43325,Amy Hernandez,F,"70713 Christopher Trace Apt. 352
South Lisafort, NJ 55114",43325,hodgekimberly@yahoo.com,1936-09-12,,1,,20.0,0,55114,85
1599688954.95258&//mndsgn.bandcamp.com/album/forever-in-your-sun,https://f4.bcbits.com/img/a0259945681_7.jpg,a,1599688954.95258,gb,United Kingdom,4.5,Forever In Your Sun,259945681.0,//mndsgn.bandcamp.com/album/forever-in-your-sun,5.0,Lionmilk & Mndsgn,USD,,5.0,Europe,173,Jazz,100154,Seth Thomas,M,"229 Garcia Drive
Cynthiaside, CT 32220",100154,rebecca20@hotmail.com,1962-12-31,,1,,20.0,0,32220,86
1599688958.2704802&//roguecuts.bandcamp.com/track/matthew-laundro-cave-level-galtiers-excavation,https://f4.bcbits.com/img/a2180130315_7.jpg,t,1599688958.2704802,ch,Switzerland,0.0,Matthew Laundro - Cave Level (Galtier's Excavation),2180130315.0,//roguecuts.bandcamp.com/track/matthew-laundro-cave-level-galtiers-excavation,1.0,Rogue Cuts,AUD,Club Singles Vol. I,0.73,Europe,174,Country,44892,Samantha Castro,F,"5264 Ryan Orchard
Vanessamouth, NC 60635",44892,randall90@yahoo.com,2019-02-03,,1,,30.0,0,60635,87
1599688960.96537&//tuluumshimmering.bandcamp.com/album/happiness-is-drumming-fire-on-the-mountain-jam,https://f4.bcbits.com/img/a2542119941_7.jpg,a,1599688960.96537,gb,United Kingdom,0.0,Happiness is Drumming Fire on the Mountain Jam,2542119941.0,//tuluumshimmering.bandcamp.com/album/happiness-is-drumming-fire-on-the-mountain-jam,2.0,Tuluum Shimmering,GBP,,2.6,Europe,175,Rock,59858,Kayla Reyes,F,"603 Jackson Village
Lake Brandonshire, NJ 66831",59858,kwatson@yahoo.com,1915-12-20,Rock-50,50,Discount 50% from platform fee to music in genre Rock,20.0,50,66831,88
1599688967.19653&//bellalune.bandcamp.com,https://f4.bcbits.com/img/a2629543560_7.jpg,b,1599688967.19653,us,United States,28.760000228881804,full digital discography (8 releases),2629543560.0,//bellalune.bandcamp.com,29.0,Bella Lune,USD,,29.0,North America,177,Electronic,29392,David Lewis,M,"187 Snyder Trafficway
Scottburgh, DC 60209",29392,dbutler@yahoo.com,1913-10-12,,1,,,0,60209,89
1599688970.88247&//kevinrichardmartin.bandcamp.com/album/its-time,https://f4.bcbits.com/img/a1845065182_7.jpg,a,1599688970.88247,nl,Netherlands,6.0,It's Time..,1845065182.0,//kevinrichardmartin.bandcamp.com/album/its-time,6.0,King Midas Sound,EUR,,7.08,Europe,178,Country,20237,Micheal Church,M,"3166 Rocha Mount
West Carrie, NV 85484",20237,qmartin@yahoo.com,1961-07-27,,1,,20.0,0,85484,90
1599688972.27601&//assemblage23.bandcamp.com/album/mourn,https://f4.bcbits.com/img/a0218043235_7.jpg,a,1599688972.27601,us,United States,10.0,Mourn,218043235.0,//assemblage23.bandcamp.com/album/mourn,11.0,Assemblage 23,USD,,11.0,North America,179,Hip hop,16977,Kerri Goodwin,F,"877 Nicole Highway Apt. 001
North Albert, HI 01749",16977,eric77@hotmail.com,1975-01-27,,1,,20.0,0,1749,91
1599688973.947&//desertinme.bandcamp.com/album/all-in-the-desert,https://f4.bcbits.com/img/a0932286520_7.jpg,a,1599688973.947,gr,Greece,9.98999977111816,ALL IN THE DESERT,932286520.0,//desertinme.bandcamp.com/album/all-in-the-desert,10.0,Desert In Me,USD,,10.0,Europe,180,Rock,63552,Douglas Gamble,M,"96170 Stephanie Gardens Apt. 375
Port Shelly, AL 13448",63552,jameschristopher@hotmail.com,1937-09-29,Rock-50,50,Discount 50% from platform fee to music in genre Rock,20.0,50,13448,92
1599688979.27293&//humanbydefault.bandcamp.com/track/fairouz-li-beirut-bedouin-2020-tribute-rework,https://f4.bcbits.com/img/a2155703769_7.jpg,t,1599688979.27293,gr,Greece,2.0,Fairouz - Li Beirut (Bedouin 2020 Tribute Rework),2155703769.0,//humanbydefault.bandcamp.com/track/fairouz-li-beirut-bedouin-2020-tribute-rework,2.0,Bedouin,GBP,,2.6,Europe,181,Hip hop,48441,Hailey Rivas,F,"5190 Nathan Mountain Suite 711
Port Christopherborough, AZ 51954",48441,lesliesilva@gmail.com,1970-07-01,,1,,30.0,0,51954,93
1599688981.88568&//sleepsinatra1.bandcamp.com/album/voodoo-kit,https://f4.bcbits.com/img/a2592078605_7.jpg,a,1599688981.88568,us,United States,10.0,Voodoo Kit,2592078605.0,//sleepsinatra1.bandcamp.com/album/voodoo-kit,10.0,"Sleep Sinatra, Killer Kane",USD,,10.0,North America,182,Hip hop,37434,Eric Boyd,M,"589 Watkins Valleys
Jenniferberg, GA 54761",37434,donnarobinson@yahoo.com,1921-11-18,,1,,20.0,0,54761,94
1599688988.97836&//yokoo.bandcamp.com/album/transition-ep,https://f4.bcbits.com/img/a3715821850_7.jpg,a,1599688988.97836,gr,Greece,6.0,Transition EP,3715821850.0,//yokoo.bandcamp.com/album/transition-ep,6.0,YokoO,EUR,,7.08,Europe,183,Electronic,30010,Lacey Rodriguez,F,"37016 Pam Lake Suite 773
Josephton, OR 88989",30010,wrightedward@gmail.com,1954-06-27,,1,,20.0,0,88989,95
1599688990.0513802&//nguzunguzu1.bandcamp.com/album/stimulus,https://f4.bcbits.com/img/a0900836118_7.jpg,a,1599688990.0513802,fr,France,5.0,STIMULUS,900836118.0,//nguzunguzu1.bandcamp.com/album/stimulus,5.0,MALUCA & NGUZU,USD,,5.0,Europe,184,Electronic,84620,Jennifer Ward,F,"0081 Kelly Prairie
Janetborough, OK 44262",84620,amy31@hotmail.com,1978-02-08,,1,,20.0,0,44262,96
1599688992.7226698&//unleashthearchers.bandcamp.com/album/abyss,https://f4.bcbits.com/img/a0895831787_7.jpg,a,1599688992.7226698,de,Germany,9.98999977111816,Abyss,895831787.0,//unleashthearchers.bandcamp.com/album/abyss,12.99,Unleash The Archers,USD,,12.99,Europe,185,Hip hop,17863,Raymond Barrett,M,"49865 Shea Garden
Lake Kennethview, MH 03773",17863,richardmayer@gmail.com,1961-03-06,,1,,20.0,0,3773,97
1599688993.19354&//mlesprg.bandcamp.com/album/water-memory-mount-vision,https://f4.bcbits.com/img/a3910022181_7.jpg,a,1599688993.19354,us,United States,12.0,Water Memory / Mount Vision,3910022181.0,//mlesprg.bandcamp.com/album/water-memory-mount-vision,12.0,Emily A. Sprague,USD,,12.0,North America,186,Rock,83412,Michael Smith,M,"95138 Shane Springs Apt. 192
Crystalville, MA 94294",83412,joeledwards@hotmail.com,1979-12-11,Rock-50,50,Discount 50% from platform fee to music in genre Rock,20.0,50,94294,98
1599688996.38066&//musicanamorph.bandcamp.com/track/the-crazy-and-the-fool,https://f4.bcbits.com/img/a1519178604_7.jpg,t,1599688996.38066,cl,Chile,3.0,The crazy and the fool,1519178604.0,//musicanamorph.bandcamp.com/track/the-crazy-and-the-fool,3.0,Anamorph,EUR,Tavtun,3.54,South America,187,Country,28523,Jill Edwards,F,"97349 Ashley Manors
Haleyfort, MH 25603",28523,thomasmary@gmail.com,1951-04-24,,1,,30.0,0,25603,99
1599689001.06407&//malachi-music.bandcamp.com/track/everybody-wants-to-be,https://f4.bcbits.com/img/a3572677866_7.jpg,t,1599689001.06407,br,Brazil,1.0,Everybody Wants To Be,3572677866.0,//malachi-music.bandcamp.com/track/everybody-wants-to-be,1.3,Word Of Mouth,GBP,Word Of Mouth White Label Collection,1.69,South America,188,Jazz,24933,Tara Sims,F,"72573 Brooke Streets
South Jasonside, TN 96124",24933,bernarddiane@yahoo.com,2004-08-27,,1,,30.0,0,96124,100
